"site","code","subplot","sample","stigpall","apharudi","aphacaro","aphafulv","bracdepi","camppenn","campamer","campchro","campsubb","campnear","cremminu","formsubs","lasialie","lasiumbr","monomini","monoamer","myrmlati","myrmpine","myrmpunc","myrmspat","nylafais","ponepenn","prenimpa","procsila","struclyp","struohio","pyraorna","strurost","solemole","stenmeri","stenbrev","stendiec","stenimpa","stenschm","stenunkn","tapisess","temnlong","temncurv","site_name","utm_n","utm_e","n","e","elevation_m","sample_x","sample_y"
"ABCR","ABCRLS05A1","A",1,0,1,0,0,0,0,1,0,0,0,0,0,0,0,0,0,0,0,0,0,1,0,0,0,0,0,0,0,0,0,0,0,0,0,0,0,0,0,"Abrams Creek",3944202,234842,35.6059966995406,-83.9271242663977,379,234817.5,3944226.5
"ABCR","ABCRLS05A2","A",2,0,1,0,0,0,0,0,0,0,0,0,0,0,0,0,1,0,0,0,0,1,1,0,0,0,0,0,0,0,0,0,0,0,0,0,0,0,0,"Abrams Creek",3944202,234842,35.6059966995406,-83.9271242663977,379,234826.5,3944226.5
"ABCR","ABCRLS05A3","A",3,0,6,0,0,0,0,0,0,0,0,0,0,0,0,0,1,0,0,0,0,0,1,0,0,0,0,0,0,0,0,0,0,0,0,0,0,0,0,"Abrams Creek",3944202,234842,35.6059966995406,-83.9271242663977,379,234817.5,3944217.5
"ABCR","ABCRLS05A4","A",4,0,1,0,0,0,0,0,0,0,0,0,0,0,0,0,1,0,0,0,0,0,0,0,0,0,0,0,0,0,0,0,0,0,0,0,0,0,0,"Abrams Creek",3944202,234842,35.6059966995406,-83.9271242663977,379,234826.5,3944217.5
"ABCR","ABCRLS05B1","B",1,0,1,0,0,0,0,0,0,0,0,0,0,1,0,0,0,0,0,0,0,0,1,0,0,0,0,0,1,0,0,0,0,0,0,0,0,0,0,"Abrams Creek",3944202,234842,35.6059966995406,-83.9271242663977,379,234857.5,3944226.5
"ABCR","ABCRLS05B2","B",2,0,1,0,0,0,0,0,0,0,0,0,0,0,0,0,0,0,0,0,0,2,0,0,0,0,0,0,0,0,0,0,0,0,0,0,0,0,0,"Abrams Creek",3944202,234842,35.6059966995406,-83.9271242663977,379,234866.5,3944226.5
"ABCR","ABCRLS05B3","B",3,0,1,0,0,0,0,0,0,0,0,0,0,0,0,0,0,0,0,0,0,1,1,0,0,0,0,0,0,0,0,0,0,0,0,0,0,0,0,"Abrams Creek",3944202,234842,35.6059966995406,-83.9271242663977,379,234857.5,3944217.5
"ABCR","ABCRLS05B4","B",4,0,1,0,0,0,0,0,0,0,0,0,0,0,0,0,0,0,0,0,0,0,0,0,0,0,0,0,0,0,0,0,0,0,0,0,0,0,0,"Abrams Creek",3944202,234842,35.6059966995406,-83.9271242663977,379,234866.5,3944217.5
"ABCR","ABCRLS05C1","C",1,0,0,0,0,1,0,0,0,0,0,0,0,0,0,0,1,0,0,0,0,1,1,0,0,0,0,0,0,0,0,0,0,0,0,0,0,0,0,"Abrams Creek",3944202,234842,35.6059966995406,-83.9271242663977,379,234817.5,3944186.5
"ABCR","ABCRLS05C2","C",2,0,0,0,0,1,0,0,0,0,0,0,0,0,0,0,1,0,0,0,0,1,1,0,0,0,0,0,0,0,0,0,0,0,0,0,0,0,0,"Abrams Creek",3944202,234842,35.6059966995406,-83.9271242663977,379,234826.5,3944186.5
"ABCR","ABCRLS05C3","C",3,0,0,0,0,0,0,0,0,0,0,0,0,0,0,0,1,0,0,0,0,1,1,0,0,0,0,0,0,0,0,0,0,0,0,0,0,0,1,"Abrams Creek",3944202,234842,35.6059966995406,-83.9271242663977,379,234817.5,3944177.5
"ABCR","ABCRLS05C4","C",4,0,7,0,0,0,0,0,0,0,0,0,0,0,0,0,1,0,0,0,0,1,1,0,0,0,0,0,0,0,0,0,0,0,0,0,0,0,0,"Abrams Creek",3944202,234842,35.6059966995406,-83.9271242663977,379,234826.5,3944177.5
"ABCR","ABCRLS05D1","D",1,0,0,0,0,0,0,0,0,0,0,0,0,1,0,0,0,0,0,0,0,0,1,0,0,0,0,0,0,0,0,0,0,0,0,0,0,0,0,"Abrams Creek",3944202,234842,35.6059966995406,-83.9271242663977,379,234857.5,3944186.5
"ABCR","ABCRLS05D2","D",2,0,1,0,0,0,0,0,0,0,0,0,0,0,0,0,1,0,0,0,0,0,1,0,0,0,0,0,0,0,0,0,0,0,0,0,0,0,0,"Abrams Creek",3944202,234842,35.6059966995406,-83.9271242663977,379,234866.5,3944186.5
"ABCR","ABCRLS05D3","D",3,0,1,0,0,0,0,0,0,0,0,0,0,0,0,0,0,0,0,0,0,0,1,0,0,0,0,0,0,0,0,0,0,0,0,0,0,0,0,"Abrams Creek",3944202,234842,35.6059966995406,-83.9271242663977,379,234857.5,3944177.5
"ABCR","ABCRLS05D4","D",4,1,1,0,0,1,0,0,0,0,0,0,0,0,0,0,1,0,0,0,0,1,1,0,0,0,1,0,0,0,0,0,0,0,0,0,0,0,0,"Abrams Creek",3944202,234842,35.6059966995406,-83.9271242663977,379,234866.5,3944177.5
"ALGR","ALGRLS04A1","A",1,0,27,0,0,0,0,0,0,0,0,0,0,0,0,0,6,0,0,0,0,0,0,0,0,0,0,0,0,0,11,0,0,0,0,0,0,0,0,"Albright Grove",3956633,293739,35.7320735506209,-83.2806611989585,1087,293714.5,3956657.5
"ALGR","ALGRLS04A2","A",2,0,3,0,0,0,0,0,0,0,0,0,0,0,0,0,12,0,0,0,0,0,0,0,0,0,0,0,0,0,1,0,2,0,0,0,0,0,0,"Albright Grove",3956633,293739,35.7320735506209,-83.2806611989585,1087,293723.5,3956657.5
"ALGR","ALGRLS04A3","A",3,0,0,0,0,0,0,0,0,0,0,0,0,0,0,0,3,0,0,0,0,0,0,0,0,0,0,0,0,0,0,0,0,0,0,0,0,0,0,"Albright Grove",3956633,293739,35.7320735506209,-83.2806611989585,1087,293714.5,3956648.5
"ALGR","ALGRLS04A4","A",4,0,1,0,0,0,0,0,0,0,0,0,0,0,0,0,4,0,0,0,0,0,0,0,0,0,0,0,0,0,1,0,0,0,0,0,0,0,0,"Albright Grove",3956633,293739,35.7320735506209,-83.2806611989585,1087,293723.5,3956648.5
"ALGR","ALGRLS04B1","B",1,0,0,0,0,0,0,0,0,0,0,0,0,0,0,0,0,0,0,0,0,0,0,0,0,0,0,0,0,0,0,0,0,0,0,0,0,0,0,"Albright Grove",3956633,293739,35.7320735506209,-83.2806611989585,1087,293754.5,3956657.5
"ALGR","ALGRLS04B2","B",2,0,1,0,0,0,0,0,0,0,0,0,0,0,0,0,4,0,0,0,0,0,0,0,0,0,0,0,0,0,0,0,1,0,0,0,0,0,0,"Albright Grove",3956633,293739,35.7320735506209,-83.2806611989585,1087,293763.5,3956657.5
"ALGR","ALGRLS04B3","B",3,0,1,0,0,0,0,0,0,0,0,0,0,0,0,0,7,0,0,0,0,0,0,0,0,0,0,0,0,0,0,0,0,0,0,0,0,0,0,"Albright Grove",3956633,293739,35.7320735506209,-83.2806611989585,1087,293754.5,3956648.5
"ALGR","ALGRLS04B4","B",4,0,0,0,0,0,0,0,0,0,0,0,0,0,0,0,1,0,0,0,0,0,0,0,0,0,0,0,0,0,1,0,0,0,0,0,0,0,0,"Albright Grove",3956633,293739,35.7320735506209,-83.2806611989585,1087,293763.5,3956648.5
"ALGR","ALGRLS04C1","C",1,0,2,0,0,0,0,0,0,0,0,0,0,0,0,0,16,0,0,0,0,0,0,0,0,0,0,0,0,0,1,0,0,0,0,0,0,0,0,"Albright Grove",3956633,293739,35.7320735506209,-83.2806611989585,1087,293714.5,3956617.5
"ALGR","ALGRLS04C2","C",2,0,15,0,0,0,0,0,0,0,0,0,0,0,0,0,16,0,0,0,0,0,0,0,0,0,0,0,0,0,19,2,3,1,0,0,0,0,0,"Albright Grove",3956633,293739,35.7320735506209,-83.2806611989585,1087,293723.5,3956617.5
"ALGR","ALGRLS04C3","C",3,0,1,0,0,0,0,0,0,0,0,0,0,1,0,0,5,0,0,0,0,0,0,0,0,0,0,0,0,0,5,0,0,0,0,0,0,0,0,"Albright Grove",3956633,293739,35.7320735506209,-83.2806611989585,1087,293714.5,3956608.5
"ALGR","ALGRLS04C4","C",4,0,3,0,0,0,0,0,0,0,0,0,0,0,0,0,0,0,0,0,0,0,0,0,0,0,0,0,0,0,4,0,0,0,0,0,0,0,0,"Albright Grove",3956633,293739,35.7320735506209,-83.2806611989585,1087,293723.5,3956608.5
"ALGR","ALGRLS04D1","D",1,0,5,0,0,0,0,0,0,0,0,0,0,0,0,0,16,0,0,0,0,0,0,0,0,0,0,0,0,0,14,1,0,0,0,0,0,0,0,"Albright Grove",3956633,293739,35.7320735506209,-83.2806611989585,1087,293754.5,3956617.5
"ALGR","ALGRLS04D2","D",2,1,2,0,0,0,0,0,0,0,0,0,0,4,0,0,2,0,0,0,0,0,0,0,0,0,0,0,0,0,0,0,1,0,1,0,0,0,0,"Albright Grove",3956633,293739,35.7320735506209,-83.2806611989585,1087,293763.5,3956617.5
"ALGR","ALGRLS04D3","D",3,1,1,0,0,0,0,0,0,0,0,0,0,0,0,0,5,0,0,0,0,0,0,0,0,0,0,0,0,0,6,0,0,0,0,0,0,0,0,"Albright Grove",3956633,293739,35.7320735506209,-83.2806611989585,1087,293754.5,3956608.5
"ALGR","ALGRLS04D4","D",4,0,1,0,0,0,0,0,0,0,0,0,0,0,0,0,9,0,0,0,0,0,0,0,0,0,0,0,0,0,11,2,1,0,0,0,0,0,0,"Albright Grove",3956633,293739,35.7320735506209,-83.2806611989585,1087,293763.5,3956608.5
"BAGA","BAGALS05A1","A",1,0,1,0,0,0,0,0,0,0,0,0,0,0,0,0,1,0,0,0,0,0,0,0,0,0,0,0,0,0,0,0,0,1,0,0,0,0,0,"Balsam Gap",3945491,302502,35.6334869945852,-83.1810964760178,1342,302477.5,3945515.5
"BAGA","BAGALS05A2","A",2,0,1,0,0,0,0,0,0,0,0,0,0,0,0,0,0,0,0,0,0,0,0,0,0,0,0,0,0,0,2,0,0,0,0,0,0,0,0,"Balsam Gap",3945491,302502,35.6334869945852,-83.1810964760178,1342,302486.5,3945515.5
"BAGA","BAGALS05A3","A",3,0,1,0,0,0,0,0,0,0,0,0,0,0,0,0,1,0,0,0,0,0,0,0,0,0,0,0,0,0,0,0,2,1,0,0,0,0,0,"Balsam Gap",3945491,302502,35.6334869945852,-83.1810964760178,1342,302477.5,3945506.5
"BAGA","BAGALS05A4","A",4,0,1,0,0,0,0,0,0,0,0,0,0,0,0,0,1,0,0,0,0,0,0,0,0,0,0,0,0,0,0,1,0,1,0,1,0,0,0,"Balsam Gap",3945491,302502,35.6334869945852,-83.1810964760178,1342,302486.5,3945506.5
"BAGA","BAGALS05B1","B",1,0,1,0,0,0,0,0,0,0,0,0,0,0,0,0,0,0,0,0,0,0,0,0,0,0,0,0,0,0,1,0,0,0,0,0,0,0,0,"Balsam Gap",3945491,302502,35.6334869945852,-83.1810964760178,1342,302517.5,3945515.5
"BAGA","BAGALS05B2","B",2,0,1,0,0,0,0,0,0,0,0,0,0,0,0,0,1,0,0,0,0,0,0,0,0,0,0,0,0,0,0,0,0,0,0,0,0,0,0,"Balsam Gap",3945491,302502,35.6334869945852,-83.1810964760178,1342,302526.5,3945515.5
"BAGA","BAGALS05B3","B",3,0,1,0,0,0,0,0,0,0,0,0,0,0,0,0,1,0,0,0,0,0,0,0,0,0,0,0,0,0,13,0,0,1,0,0,0,0,0,"Balsam Gap",3945491,302502,35.6334869945852,-83.1810964760178,1342,302517.5,3945506.5
"BAGA","BAGALS05B4","B",4,0,1,0,0,0,0,0,0,0,0,0,0,0,0,0,0,0,0,0,0,0,0,0,0,0,0,0,0,0,3,0,2,1,0,0,0,0,0,"Balsam Gap",3945491,302502,35.6334869945852,-83.1810964760178,1342,302526.5,3945506.5
"BAGA","BAGALS05C1","C",1,0,1,0,0,0,0,0,0,0,0,0,0,0,0,0,0,0,0,0,0,0,0,0,0,0,0,0,0,0,0,4,0,2,0,1,0,0,0,"Balsam Gap",3945491,302502,35.6334869945852,-83.1810964760178,1342,302477.5,3945475.5
"BAGA","BAGALS05C2","C",2,0,1,0,0,0,0,0,0,0,0,0,0,1,0,0,0,0,0,0,0,0,0,0,0,0,0,0,0,0,0,0,2,1,0,0,0,0,0,"Balsam Gap",3945491,302502,35.6334869945852,-83.1810964760178,1342,302486.5,3945475.5
"BAGA","BAGALS05C3","C",3,0,1,0,0,0,0,0,0,0,0,0,0,1,0,0,1,0,0,0,0,0,0,0,0,0,0,0,0,0,1,26,0,6,0,4,0,0,0,"Balsam Gap",3945491,302502,35.6334869945852,-83.1810964760178,1342,302477.5,3945466.5
"BAGA","BAGALS05C4","C",4,0,1,0,0,0,0,0,0,0,0,0,0,0,0,0,0,0,0,0,0,0,0,0,0,0,0,0,0,0,0,1,0,1,0,1,0,0,0,"Balsam Gap",3945491,302502,35.6334869945852,-83.1810964760178,1342,302486.5,3945466.5
"BAGA","BAGALS05D1","D",1,0,1,0,0,0,0,0,0,0,0,0,0,0,0,0,1,0,0,0,0,0,0,0,0,0,0,0,0,0,0,0,0,0,0,0,0,0,0,"Balsam Gap",3945491,302502,35.6334869945852,-83.1810964760178,1342,302517.5,3945475.5
"BAGA","BAGALS05D2","D",2,0,1,0,0,0,0,0,0,0,0,0,0,1,0,0,0,0,0,0,0,0,0,0,0,0,0,0,0,0,1,0,0,0,0,0,0,0,0,"Balsam Gap",3945491,302502,35.6334869945852,-83.1810964760178,1342,302526.5,3945475.5
"BAGA","BAGALS05D3","D",3,0,1,0,0,0,0,0,0,0,0,0,0,0,0,0,0,0,0,0,0,0,0,0,0,0,0,0,0,0,1,0,0,0,1,4,0,0,0,"Balsam Gap",3945491,302502,35.6334869945852,-83.1810964760178,1342,302517.5,3945466.5
"BAGA","BAGALS05D4","D",4,0,1,0,0,0,0,0,0,0,0,0,0,0,0,0,0,0,0,0,0,0,0,0,0,0,0,0,0,0,0,0,0,0,0,0,0,0,0,"Balsam Gap",3945491,302502,35.6334869945852,-83.1810964760178,1342,302526.5,3945466.5
"CATA","CATALS04A1","A",1,0,0,0,0,0,0,0,0,0,0,0,0,0,0,0,0,0,0,0,0,0,0,0,0,0,0,0,0,0,1,1,0,0,0,0,0,0,0,"Cataloochee",3939968,311363,35.5854570169316,-83.0820076593496,1456,311338.5,3939992.5
"CATA","CATALS04A2","A",2,0,0,0,0,0,0,0,0,0,0,0,0,0,0,0,0,0,0,0,0,0,0,0,0,0,0,0,0,0,0,1,3,0,0,0,0,0,0,"Cataloochee",3939968,311363,35.5854570169316,-83.0820076593496,1456,311347.5,3939992.5
"CATA","CATALS04A3","A",3,0,0,0,0,0,0,0,0,0,0,0,0,0,0,0,0,0,0,0,0,0,0,0,0,0,0,0,0,0,1,0,1,0,0,0,0,0,0,"Cataloochee",3939968,311363,35.5854570169316,-83.0820076593496,1456,311338.5,3939983.5
"CATA","CATALS04A4","A",4,0,0,0,0,0,0,0,0,0,0,0,0,0,0,0,0,0,0,0,0,0,0,0,0,0,0,0,0,0,0,0,0,0,0,0,0,0,0,"Cataloochee",3939968,311363,35.5854570169316,-83.0820076593496,1456,311347.5,3939983.5
"CATA","CATALS04B1","B",1,0,1,0,0,0,0,0,0,0,0,0,0,0,0,0,0,0,0,0,0,0,0,0,0,0,0,0,0,0,1,0,0,0,0,0,0,0,0,"Cataloochee",3939968,311363,35.5854570169316,-83.0820076593496,1456,311378.5,3939992.5
"CATA","CATALS04B2","B",2,0,0,0,0,0,0,0,0,0,0,0,0,0,0,0,0,0,0,0,0,0,0,0,0,0,0,0,0,0,0,0,0,0,0,0,0,0,0,"Cataloochee",3939968,311363,35.5854570169316,-83.0820076593496,1456,311387.5,3939992.5
"CATA","CATALS04B3","B",3,0,4,0,0,0,0,0,0,0,0,0,0,0,0,0,0,0,0,0,0,0,0,0,0,0,0,0,0,0,1,0,0,0,0,0,0,0,0,"Cataloochee",3939968,311363,35.5854570169316,-83.0820076593496,1456,311378.5,3939983.5
"CATA","CATALS04B4","B",4,0,3,0,0,0,0,0,0,0,0,0,0,0,0,0,0,0,0,0,0,0,0,0,0,0,0,0,0,0,1,0,0,0,0,0,0,0,0,"Cataloochee",3939968,311363,35.5854570169316,-83.0820076593496,1456,311387.5,3939983.5
"CATA","CATALS04C1","C",1,1,0,0,0,0,0,0,0,0,0,0,0,0,0,0,0,0,0,0,0,0,0,0,0,0,0,0,0,0,2,0,0,0,0,0,0,0,0,"Cataloochee",3939968,311363,35.5854570169316,-83.0820076593496,1456,311338.5,3939952.5
"CATA","CATALS04C2","C",2,0,0,0,0,0,0,0,0,0,0,0,0,0,0,0,0,0,0,0,0,0,0,0,0,0,0,0,0,0,0,0,0,0,0,0,0,0,0,"Cataloochee",3939968,311363,35.5854570169316,-83.0820076593496,1456,311347.5,3939952.5
"CATA","CATALS04C3","C",3,0,0,0,0,0,0,0,0,0,0,0,0,0,0,0,0,0,0,0,0,0,0,0,0,0,0,0,0,0,0,0,0,0,0,0,0,0,0,"Cataloochee",3939968,311363,35.5854570169316,-83.0820076593496,1456,311338.5,3939943.5
"CATA","CATALS04C4","C",4,0,0,0,0,0,0,0,0,0,0,0,0,0,0,0,0,0,0,0,0,0,0,0,0,0,0,0,0,0,0,0,0,0,0,0,0,0,0,"Cataloochee",3939968,311363,35.5854570169316,-83.0820076593496,1456,311347.5,3939943.5
"CATA","CATALS04D1","D",1,0,0,0,0,0,0,0,0,0,0,0,0,0,0,0,0,0,0,0,0,0,0,0,0,0,0,0,0,0,3,0,0,0,0,0,0,0,0,"Cataloochee",3939968,311363,35.5854570169316,-83.0820076593496,1456,311378.5,3939952.5
"CATA","CATALS04D2","D",2,0,0,0,0,0,0,0,0,0,0,0,0,0,0,0,0,0,0,0,0,0,0,0,0,0,0,0,0,0,4,0,0,0,0,0,0,0,0,"Cataloochee",3939968,311363,35.5854570169316,-83.0820076593496,1456,311387.5,3939952.5
"CATA","CATALS04D3","D",3,0,0,0,0,0,0,0,0,0,0,0,0,0,0,0,0,0,0,0,0,0,0,0,0,0,0,0,0,0,1,0,0,0,0,0,0,0,0,"Cataloochee",3939968,311363,35.5854570169316,-83.0820076593496,1456,311378.5,3939943.5
"CATA","CATALS04D4","D",4,0,0,0,0,0,0,0,0,0,0,0,0,0,0,0,0,0,0,0,0,0,0,0,0,0,0,0,0,0,1,0,0,0,0,0,0,0,0,"Cataloochee",3939968,311363,35.5854570169316,-83.0820076593496,1456,311387.5,3939943.5
"DBSP","DBSPLS04A1","A",1,0,0,0,0,0,0,0,0,0,0,0,0,0,0,0,0,0,0,0,0,0,0,0,0,0,0,0,0,0,0,0,0,0,0,0,0,0,0,"Double Spring Gap",3938428,268956,35.5625738255543,-83.5492422610895,1707,268931.5,3938452.5
"DBSP","DBSPLS04A2","A",2,0,0,0,0,0,0,0,0,0,0,0,0,0,0,0,0,0,0,0,0,0,0,0,0,0,0,0,0,0,2,0,0,0,0,0,0,0,0,"Double Spring Gap",3938428,268956,35.5625738255543,-83.5492422610895,1707,268940.5,3938452.5
"DBSP","DBSPLS04A3","A",3,0,0,0,0,0,0,0,0,0,0,0,0,0,0,0,0,0,0,0,0,0,0,0,0,0,0,0,0,0,3,0,0,0,0,0,0,0,0,"Double Spring Gap",3938428,268956,35.5625738255543,-83.5492422610895,1707,268931.5,3938443.5
"DBSP","DBSPLS04A4","A",4,0,0,0,0,0,0,0,0,0,0,0,0,0,0,0,0,0,0,0,0,0,0,0,0,0,0,0,0,0,1,0,0,0,0,0,0,0,0,"Double Spring Gap",3938428,268956,35.5625738255543,-83.5492422610895,1707,268940.5,3938443.5
"DBSP","DBSPLS04B1","B",1,0,0,0,0,0,0,0,0,0,0,0,0,0,0,0,0,0,0,0,0,0,0,0,0,0,0,0,0,0,3,0,0,0,0,0,0,0,0,"Double Spring Gap",3938428,268956,35.5625738255543,-83.5492422610895,1707,268971.5,3938452.5
"DBSP","DBSPLS04B2","B",2,0,0,0,0,0,0,0,0,0,0,0,0,0,0,0,0,0,0,0,0,0,0,0,0,0,0,0,0,0,1,0,0,0,0,0,0,0,0,"Double Spring Gap",3938428,268956,35.5625738255543,-83.5492422610895,1707,268980.5,3938452.5
"DBSP","DBSPLS04B4","B",3,0,0,0,0,0,0,0,0,0,0,0,0,0,0,0,0,0,0,0,0,0,0,0,0,0,0,0,0,0,0,0,0,0,0,0,0,0,0,"Double Spring Gap",3938428,268956,35.5625738255543,-83.5492422610895,1707,268971.5,3938443.5
"DBSP","DBSPLS04C1","B",4,0,0,0,0,0,0,0,0,0,0,0,0,0,0,0,0,0,0,0,0,0,0,0,0,0,0,0,0,0,0,0,0,0,0,0,0,0,0,"Double Spring Gap",3938428,268956,35.5625738255543,-83.5492422610895,1707,268980.5,3938443.5
"DBSP","DBSPLS04C2","C",1,0,0,0,0,0,0,0,0,0,0,0,0,0,0,0,0,0,0,0,0,0,0,0,0,0,0,0,0,0,2,0,0,0,0,0,0,0,0,"Double Spring Gap",3938428,268956,35.5625738255543,-83.5492422610895,1707,268931.5,3938412.5
"DBSP","DBSPLS04C3","C",2,0,0,0,0,0,0,0,0,0,0,0,0,0,0,0,0,0,0,0,0,0,0,0,0,0,0,0,0,0,0,0,0,0,0,0,0,0,0,"Double Spring Gap",3938428,268956,35.5625738255543,-83.5492422610895,1707,268940.5,3938412.5
"DBSP","DBSPLS04C4","C",3,0,0,0,0,0,0,0,0,0,0,0,0,0,0,0,0,0,0,0,0,0,0,0,0,0,0,0,0,0,0,0,0,0,0,0,0,0,0,"Double Spring Gap",3938428,268956,35.5625738255543,-83.5492422610895,1707,268931.5,3938403.5
"DBSP","DBSPLS04C5","C",4,0,0,0,0,0,0,0,0,0,0,0,0,0,0,0,0,0,0,0,0,0,0,0,0,0,0,0,0,0,0,0,0,0,0,0,0,0,0,"Double Spring Gap",3938428,268956,35.5625738255543,-83.5492422610895,1707,268940.5,3938403.5
"DBSP","DBSPLS04D1","D",1,0,0,0,0,0,0,0,0,0,0,0,0,0,0,0,0,0,0,0,0,0,0,0,0,0,0,0,0,0,0,0,0,0,0,0,0,0,0,"Double Spring Gap",3938428,268956,35.5625738255543,-83.5492422610895,1707,268971.5,3938412.5
"DBSP","DBSPLS04D2","D",2,0,0,0,0,0,0,0,0,0,0,0,0,0,0,0,0,0,0,0,0,0,0,0,0,0,0,0,0,0,0,0,0,0,0,0,0,0,0,"Double Spring Gap",3938428,268956,35.5625738255543,-83.5492422610895,1707,268980.5,3938412.5
"DBSP","DBSPLS04D3","D",3,0,0,0,0,0,0,0,0,0,0,0,0,0,0,0,0,0,0,0,0,0,0,0,0,0,0,0,0,0,0,0,0,0,0,0,0,0,0,"Double Spring Gap",3938428,268956,35.5625738255543,-83.5492422610895,1707,268971.5,3938403.5
"DBSP","DBSPLS04D4","D",4,0,0,0,0,0,0,0,0,0,0,0,0,0,0,0,0,0,0,0,0,0,0,0,0,0,0,0,0,0,2,2,0,0,0,0,0,0,0,"Double Spring Gap",3938428,268956,35.5625738255543,-83.5492422610895,1707,268980.5,3938403.5
"FLTC","FLTCLS04A1","A",1,0,0,0,0,0,0,0,0,0,0,0,0,0,0,0,0,0,0,0,0,0,0,0,0,0,0,0,0,0,11,1,0,0,0,0,0,0,0,"Flat Creek",3937816,302335,35.5643019270927,-83.1810616822307,1742,302310.5,3937840.5
"FLTC","FLTCLS04A2","A",2,0,0,0,0,0,0,0,0,0,0,0,0,0,0,0,0,0,0,0,0,0,0,0,0,0,0,0,0,0,3,0,0,0,0,0,0,0,0,"Flat Creek",3937816,302335,35.5643019270927,-83.1810616822307,1742,302319.5,3937840.5
"FLTC","FLTCLS04A3","A",3,0,0,0,0,0,0,0,0,0,0,0,0,0,0,0,0,0,0,0,0,0,0,0,0,0,0,0,0,0,1,0,0,0,0,0,0,0,0,"Flat Creek",3937816,302335,35.5643019270927,-83.1810616822307,1742,302310.5,3937831.5
"FLTC","FLTCLS04A4","A",4,0,0,0,0,0,0,0,0,0,0,0,0,0,0,0,0,0,0,0,0,0,0,0,0,0,0,0,0,0,2,0,0,0,0,0,0,0,0,"Flat Creek",3937816,302335,35.5643019270927,-83.1810616822307,1742,302319.5,3937831.5
"FLTC","FLTCLS04B1","B",1,0,0,0,0,0,0,0,0,0,0,0,0,0,0,0,0,0,0,0,0,0,0,0,0,0,0,0,0,0,1,0,0,0,0,0,0,0,0,"Flat Creek",3937816,302335,35.5643019270927,-83.1810616822307,1742,302350.5,3937840.5
"FLTC","FLTCLS04B2","B",2,0,0,0,0,0,0,0,0,0,0,0,0,0,0,0,0,0,0,0,0,0,0,0,0,0,0,0,0,0,1,0,0,0,0,0,0,0,0,"Flat Creek",3937816,302335,35.5643019270927,-83.1810616822307,1742,302359.5,3937840.5
"FLTC","FLTCLS04B3","B",3,0,0,0,0,0,0,0,0,0,0,0,0,0,0,0,0,0,0,0,0,0,0,0,0,0,0,0,0,0,7,2,0,0,0,0,0,0,0,"Flat Creek",3937816,302335,35.5643019270927,-83.1810616822307,1742,302350.5,3937831.5
"FLTC","FLTCLS04B4","B",4,0,0,0,0,0,0,0,0,0,0,0,0,0,0,0,0,0,0,0,0,0,0,0,0,0,0,0,0,0,3,0,0,0,0,0,0,0,0,"Flat Creek",3937816,302335,35.5643019270927,-83.1810616822307,1742,302359.5,3937831.5
"FLTC","FLTCLS04C1","C",1,0,0,0,0,0,0,0,0,0,0,0,0,0,0,0,0,0,0,0,0,0,0,0,0,0,0,0,0,0,1,0,0,0,0,0,0,0,0,"Flat Creek",3937816,302335,35.5643019270927,-83.1810616822307,1742,302310.5,3937800.5
"FLTC","FLTCLS04C2","C",2,0,0,0,0,0,0,0,0,0,0,0,0,0,0,0,0,0,0,0,0,0,0,0,0,0,0,0,0,0,1,0,0,0,0,0,0,0,0,"Flat Creek",3937816,302335,35.5643019270927,-83.1810616822307,1742,302319.5,3937800.5
"FLTC","FLTCLS04C3","C",3,0,0,0,0,0,0,0,0,0,0,0,0,0,0,0,0,0,0,0,0,0,0,0,0,0,0,0,0,0,3,0,0,0,0,0,0,0,0,"Flat Creek",3937816,302335,35.5643019270927,-83.1810616822307,1742,302310.5,3937791.5
"FLTC","FLTCLS04C4","C",4,0,0,0,0,0,0,0,0,0,0,0,0,0,0,0,0,0,0,0,0,0,0,0,0,0,0,0,0,0,1,1,0,0,0,0,0,0,0,"Flat Creek",3937816,302335,35.5643019270927,-83.1810616822307,1742,302319.5,3937791.5
"FLTC","FLTCLS04D1","D",1,0,0,0,0,0,0,0,0,0,0,0,0,0,0,0,0,0,0,0,0,0,0,0,0,0,0,0,0,0,6,1,0,0,0,0,0,0,0,"Flat Creek",3937816,302335,35.5643019270927,-83.1810616822307,1742,302350.5,3937800.5
"FLTC","FLTCLS04D2","D",2,0,0,0,0,0,0,0,0,0,0,0,0,0,0,0,0,0,0,0,0,0,0,0,0,0,0,0,0,0,17,0,0,0,0,0,0,0,0,"Flat Creek",3937816,302335,35.5643019270927,-83.1810616822307,1742,302359.5,3937800.5
"FLTC","FLTCLS04D3","D",3,0,0,0,0,0,0,0,0,0,0,0,0,0,0,0,0,0,0,0,0,0,0,0,0,0,0,0,0,0,2,0,0,0,0,0,0,0,0,"Flat Creek",3937816,302335,35.5643019270927,-83.1810616822307,1742,302350.5,3937791.5
"FLTC","FLTCLS04D4","D",4,0,0,0,0,0,0,0,0,0,0,0,0,0,0,0,0,0,0,0,0,0,0,0,0,0,0,0,0,0,7,0,0,0,0,0,0,0,0,"Flat Creek",3937816,302335,35.5643019270927,-83.1810616822307,1742,302359.5,3937791.5
"FODA","FODALS05A1","A",1,0,1,0,0,0,0,0,0,0,0,0,0,1,0,0,1,0,0,0,0,0,1,0,1,0,0,0,0,0,0,0,0,0,0,0,0,0,0,"Fontana Dam",3927598,244709,35.4590715047356,-83.8130918397365,511,244684.5,3927622.5
"FODA","FODALS05A2","A",2,0,1,0,0,0,0,1,0,0,0,0,1,0,0,0,0,0,0,0,0,1,1,1,0,0,0,0,0,0,0,0,0,0,0,0,0,0,0,"Fontana Dam",3927598,244709,35.4590715047356,-83.8130918397365,511,244693.5,3927622.5
"FODA","FODALS05A3","A",3,0,1,0,0,0,0,0,0,0,0,0,1,0,0,0,1,1,0,0,0,1,0,0,0,1,0,1,0,0,0,0,0,0,0,0,0,0,0,"Fontana Dam",3927598,244709,35.4590715047356,-83.8130918397365,511,244684.5,3927613.5
"FODA","FODALS05A4","A",4,0,1,0,0,0,0,0,0,0,0,0,1,0,0,0,1,0,0,0,0,1,0,0,0,0,0,2,0,0,0,0,0,0,0,0,0,0,1,"Fontana Dam",3927598,244709,35.4590715047356,-83.8130918397365,511,244693.5,3927613.5
"FODA","FODALS05B1","B",1,0,1,0,0,0,0,0,0,0,0,0,0,0,0,0,1,0,0,4,0,1,1,0,0,0,0,0,0,0,0,0,0,0,0,0,0,0,1,"Fontana Dam",3927598,244709,35.4590715047356,-83.8130918397365,511,244724.5,3927622.5
"FODA","FODALS05B2","B",2,0,1,0,0,0,0,0,0,0,0,0,0,0,0,0,1,0,0,0,0,1,1,0,0,0,0,0,0,0,0,0,0,0,0,0,0,0,1,"Fontana Dam",3927598,244709,35.4590715047356,-83.8130918397365,511,244733.5,3927622.5
"FODA","FODALS05B3","B",3,1,1,0,0,0,0,0,0,0,0,0,0,0,0,0,1,0,0,0,1,1,1,0,0,2,0,0,0,0,0,0,0,0,0,0,0,0,1,"Fontana Dam",3927598,244709,35.4590715047356,-83.8130918397365,511,244724.5,3927613.5
"FODA","FODALS05B4","B",4,0,1,0,0,0,0,1,0,0,0,0,0,1,0,0,1,0,0,1,0,1,1,0,0,0,0,0,0,0,0,0,0,0,0,0,0,0,1,"Fontana Dam",3927598,244709,35.4590715047356,-83.8130918397365,511,244733.5,3927613.5
"FODA","FODALS05C1","C",1,0,0,0,0,0,0,0,0,0,0,0,0,0,0,0,0,0,0,0,0,0,0,0,0,0,0,0,0,0,0,0,0,0,0,0,0,0,0,"Fontana Dam",3927598,244709,35.4590715047356,-83.8130918397365,511,244684.5,3927582.5
"FODA","FODALS05C2","C",2,0,1,0,0,0,0,0,0,0,0,0,1,0,0,0,1,0,0,4,0,1,0,0,0,0,0,0,0,0,0,0,0,0,0,0,0,0,1,"Fontana Dam",3927598,244709,35.4590715047356,-83.8130918397365,511,244693.5,3927582.5
"FODA","FODALS05C3","C",3,0,1,0,0,0,0,0,0,0,0,0,0,1,0,0,0,0,0,0,0,1,0,0,0,0,0,0,0,0,0,0,0,0,0,0,0,0,0,"Fontana Dam",3927598,244709,35.4590715047356,-83.8130918397365,511,244684.5,3927573.5
"FODA","FODALS05C4","C",4,0,1,0,0,0,0,0,0,0,0,0,0,0,0,0,1,0,0,1,0,1,1,0,0,0,0,0,0,0,0,0,0,0,0,0,0,0,1,"Fontana Dam",3927598,244709,35.4590715047356,-83.8130918397365,511,244693.5,3927573.5
"FODA","FODALS05D1","D",1,0,1,0,0,0,0,0,0,0,0,0,1,1,0,0,1,0,0,4,0,1,0,0,0,0,0,0,0,0,0,0,0,0,0,0,0,0,1,"Fontana Dam",3927598,244709,35.4590715047356,-83.8130918397365,511,244724.5,3927582.5
"FODA","FODALS05D2","D",2,1,1,0,0,0,0,0,0,0,0,0,0,1,0,0,1,0,0,8,0,1,0,0,0,0,0,0,0,0,0,0,0,0,0,0,1,0,1,"Fontana Dam",3927598,244709,35.4590715047356,-83.8130918397365,511,244733.5,3927582.5
"FODA","FODALS05D3","D",3,1,1,0,0,0,0,1,0,0,0,0,0,1,0,0,1,0,0,0,0,1,0,0,0,0,0,0,0,0,0,0,0,0,0,0,0,0,0,"Fontana Dam",3927598,244709,35.4590715047356,-83.8130918397365,511,244724.5,3927573.5
"FODA","FODALS05D4","D",4,0,1,0,0,0,0,0,0,0,0,0,0,0,0,0,0,0,0,0,0,1,1,0,0,0,0,4,0,0,0,0,0,0,0,0,0,0,1,"Fontana Dam",3927598,244709,35.4590715047356,-83.8130918397365,511,244733.5,3927573.5
"GOPR","GOPRLS04A1","A",1,0,2,0,0,0,0,0,0,0,0,0,0,1,0,0,0,0,0,0,0,0,98,0,0,0,0,0,0,0,0,0,1,0,0,0,0,0,0,"Goshen prong",3943636,269621,35.6096409614892,-83.5433954642104,941,269596.5,3943660.5
"GOPR","GOPRLS04A2","A",2,0,37,0,0,0,0,0,0,0,0,0,0,3,0,0,17,0,0,1,0,0,30,2,0,0,0,0,0,0,0,0,2,0,1,0,0,0,0,"Goshen prong",3943636,269621,35.6096409614892,-83.5433954642104,941,269605.5,3943660.5
"GOPR","GOPRLS04A3","A",3,0,6,0,0,0,0,0,0,0,0,0,0,0,0,0,9,0,0,0,0,0,72,0,0,0,0,0,0,0,0,0,0,0,0,0,0,0,0,"Goshen prong",3943636,269621,35.6096409614892,-83.5433954642104,941,269596.5,3943651.5
"GOPR","GOPRLS04A4","A",4,0,9,0,0,0,0,0,0,0,0,0,0,0,0,0,23,0,0,0,0,0,30,3,0,0,0,0,0,0,0,0,0,0,0,0,0,0,0,"Goshen prong",3943636,269621,35.6096409614892,-83.5433954642104,941,269605.5,3943651.5
"GOPR","GOPRLS04B1","B",1,0,0,0,0,0,0,0,0,0,0,0,0,0,0,0,0,0,0,0,0,0,0,0,0,0,0,0,0,0,0,0,0,0,0,0,0,0,0,"Goshen prong",3943636,269621,35.6096409614892,-83.5433954642104,941,269636.5,3943660.5
"GOPR","GOPRLS04B2","B",2,0,1,0,0,0,0,0,0,0,0,0,0,0,0,0,8,0,0,0,0,0,25,1,0,0,0,0,0,0,0,0,1,0,0,0,0,0,0,"Goshen prong",3943636,269621,35.6096409614892,-83.5433954642104,941,269645.5,3943660.5
"GOPR","GOPRLS04B3","B",3,0,9,0,0,0,0,0,0,0,0,0,0,3,0,0,5,0,0,0,0,0,18,2,0,0,0,0,0,0,0,0,1,0,1,0,0,0,0,"Goshen prong",3943636,269621,35.6096409614892,-83.5433954642104,941,269636.5,3943651.5
"GOPR","GOPRLS04B4","B",4,0,10,0,0,0,0,0,0,0,0,0,0,1,0,0,11,0,0,0,0,0,6,3,0,0,0,0,0,0,0,0,0,0,0,0,0,0,0,"Goshen prong",3943636,269621,35.6096409614892,-83.5433954642104,941,269645.5,3943651.5
"GOPR","GOPRLS04C1","C",1,0,7,0,0,0,0,0,0,0,0,0,0,1,0,0,0,0,0,0,0,0,78,1,0,0,0,0,0,0,0,0,0,0,0,0,0,0,0,"Goshen prong",3943636,269621,35.6096409614892,-83.5433954642104,941,269596.5,3943620.5
"GOPR","GOPRLS04C2","C",2,0,2,0,0,0,0,0,0,0,0,0,0,0,0,0,15,0,0,0,0,0,13,0,0,0,0,0,0,0,0,0,0,0,0,0,0,0,0,"Goshen prong",3943636,269621,35.6096409614892,-83.5433954642104,941,269605.5,3943620.5
"GOPR","GOPRLS04C3","C",3,0,4,0,0,0,0,0,0,0,0,0,0,0,0,0,36,0,0,0,0,0,36,0,0,0,0,0,0,0,0,0,3,0,0,0,0,0,0,"Goshen prong",3943636,269621,35.6096409614892,-83.5433954642104,941,269596.5,3943611.5
"GOPR","GOPRLS04C4","C",4,0,8,0,0,0,0,0,0,0,0,0,0,0,0,0,6,0,0,0,0,0,90,1,0,0,0,0,0,0,0,0,1,0,0,0,0,0,0,"Goshen prong",3943636,269621,35.6096409614892,-83.5433954642104,941,269605.5,3943611.5
"GOPR","GOPRLS04D1","D",1,0,1,0,0,0,0,0,0,0,0,0,0,1,0,0,8,0,0,0,0,0,32,1,0,0,0,0,0,0,0,0,1,0,0,0,0,0,0,"Goshen prong",3943636,269621,35.6096409614892,-83.5433954642104,941,269636.5,3943620.5
"GOPR","GOPRLS04D2","D",2,0,8,0,0,0,0,0,0,0,0,0,0,0,0,0,3,0,0,0,0,0,0,1,0,0,0,0,0,0,0,0,0,0,0,0,0,0,0,"Goshen prong",3943636,269621,35.6096409614892,-83.5433954642104,941,269645.5,3943620.5
"GOPR","GOPRLS04D3","D",3,0,3,0,0,0,0,0,0,0,0,0,0,1,0,0,24,0,0,6,0,0,18,1,0,0,0,0,0,0,0,0,1,0,0,0,0,0,0,"Goshen prong",3943636,269621,35.6096409614892,-83.5433954642104,941,269636.5,3943611.5
"GOPR","GOPRLS04D4","D",4,0,2,0,0,0,0,0,0,0,0,0,0,3,0,0,7,0,0,0,0,0,20,3,0,0,0,0,0,0,0,0,0,0,0,0,0,0,0,"Goshen prong",3943636,269621,35.6096409614892,-83.5433954642104,941,269645.5,3943611.5
"INGP","INGPLS04A1","A",1,0,0,0,0,0,0,0,0,0,0,0,0,0,0,0,0,0,0,0,0,0,0,0,0,0,0,0,0,0,10,0,0,0,0,0,0,0,0,"Indian Gap",3943401,278593,35.609579255935,-83.4443619878003,1651,278568.5,3943425.5
"INGP","INGPLS04A2","A",2,0,0,0,0,0,0,0,0,0,0,0,0,0,0,0,0,0,0,0,0,0,0,0,0,0,0,0,0,0,7,0,0,0,0,0,0,0,0,"Indian Gap",3943401,278593,35.609579255935,-83.4443619878003,1651,278577.5,3943425.5
"INGP","INGPLS04A3","A",3,0,0,0,0,0,0,0,0,0,0,0,0,0,0,0,0,0,0,0,0,0,0,0,0,0,0,0,0,0,6,0,0,0,0,0,0,0,0,"Indian Gap",3943401,278593,35.609579255935,-83.4443619878003,1651,278568.5,3943416.5
"INGP","INGPLS04A4","A",4,0,0,0,0,0,0,0,0,0,0,0,0,0,0,0,0,0,0,0,0,0,0,0,0,0,0,0,0,0,6,0,0,0,0,0,0,0,0,"Indian Gap",3943401,278593,35.609579255935,-83.4443619878003,1651,278577.5,3943416.5
"INGP","INGPLS04B1","B",1,0,0,0,0,0,0,0,0,0,0,0,0,0,0,0,0,0,0,0,0,0,0,0,0,0,0,0,0,0,40,0,0,0,0,0,0,0,0,"Indian Gap",3943401,278593,35.609579255935,-83.4443619878003,1651,278608.5,3943425.5
"INGP","INGPLS04B2","B",2,0,0,0,0,0,0,0,0,0,0,0,0,0,0,0,0,0,0,0,0,0,0,0,0,0,0,0,0,0,0,0,0,0,0,0,0,0,0,"Indian Gap",3943401,278593,35.609579255935,-83.4443619878003,1651,278617.5,3943425.5
"INGP","INGPLS04B3","B",3,0,0,0,0,0,0,0,0,0,0,0,0,0,0,0,0,0,0,0,0,0,0,0,0,0,0,0,0,0,8,0,0,0,0,0,0,0,0,"Indian Gap",3943401,278593,35.609579255935,-83.4443619878003,1651,278608.5,3943416.5
"INGP","INGPLS04B4","B",4,0,0,0,0,0,0,0,0,0,0,0,0,0,0,0,0,0,0,0,0,0,0,0,0,0,0,0,0,0,2,0,0,0,0,0,0,0,0,"Indian Gap",3943401,278593,35.609579255935,-83.4443619878003,1651,278617.5,3943416.5
"INGP","INGPLS04C1","C",1,0,0,0,0,0,0,0,0,0,0,0,0,0,0,0,0,0,0,0,0,0,0,0,0,0,0,0,0,0,5,0,0,0,0,0,0,0,0,"Indian Gap",3943401,278593,35.609579255935,-83.4443619878003,1651,278568.5,3943385.5
"INGP","INGPLS04C2","C",2,0,0,0,0,0,0,0,0,0,0,0,0,0,0,0,0,0,0,0,0,0,0,0,0,0,0,0,0,0,4,0,0,0,0,0,0,0,0,"Indian Gap",3943401,278593,35.609579255935,-83.4443619878003,1651,278577.5,3943385.5
"INGP","INGPLS04C3","C",3,0,0,0,0,0,0,0,0,0,0,0,0,0,0,0,0,0,0,0,0,0,0,0,0,0,0,0,0,0,5,0,0,0,0,0,0,0,0,"Indian Gap",3943401,278593,35.609579255935,-83.4443619878003,1651,278568.5,3943376.5
"INGP","INGPLS04C4","C",4,0,0,0,0,0,0,0,0,0,0,0,0,0,0,0,0,0,0,0,0,0,0,0,0,0,0,0,0,0,8,0,0,0,0,0,0,0,0,"Indian Gap",3943401,278593,35.609579255935,-83.4443619878003,1651,278577.5,3943376.5
"INGP","INGPLS04D1","D",1,0,1,0,0,0,0,0,0,0,0,0,0,8,0,0,0,0,0,5,0,0,0,0,0,0,0,0,0,0,8,0,0,0,0,0,0,0,0,"Indian Gap",3943401,278593,35.609579255935,-83.4443619878003,1651,278608.5,3943385.5
"INGP","INGPLS04D2","D",2,0,0,0,0,0,0,0,0,0,0,0,0,0,0,0,0,0,0,0,0,0,0,0,0,0,0,0,0,0,1,0,0,0,0,0,0,0,0,"Indian Gap",3943401,278593,35.609579255935,-83.4443619878003,1651,278617.5,3943385.5
"INGP","INGPLS04D3","D",3,0,0,0,0,0,0,0,0,0,0,0,0,0,0,0,0,0,0,0,0,0,0,0,0,0,0,0,0,0,18,0,0,0,0,0,0,0,0,"Indian Gap",3943401,278593,35.609579255935,-83.4443619878003,1651,278608.5,3943376.5
"INGP","INGPLS04D4","D",4,0,0,0,0,0,0,0,0,0,0,0,0,0,0,0,0,0,0,0,0,0,0,0,0,0,0,0,0,0,6,0,0,0,0,0,0,0,0,"Indian Gap",3943401,278593,35.609579255935,-83.4443619878003,1651,278617.5,3943376.5
"KATR","KATRLS05A1","A",1,0,1,0,0,0,0,0,0,0,0,0,0,0,0,0,1,0,0,0,0,0,0,0,0,0,0,0,0,0,0,0,1,0,0,0,0,0,0,"Katani Trail",3940443,285845,35.584532412068,-83.3635769413393,786,285820.5,3940467.5
"KATR","KATRLS05A2","A",2,1,1,0,0,0,0,0,0,0,0,0,0,0,0,0,1,0,0,0,0,0,0,0,0,0,0,0,0,0,1,0,13,0,0,0,0,0,0,"Katani Trail",3940443,285845,35.584532412068,-83.3635769413393,786,285829.5,3940467.5
"KATR","KATRLS05A3","A",3,0,1,0,0,0,0,0,0,0,0,0,0,0,0,0,0,0,0,0,0,0,0,0,0,0,0,0,0,0,1,0,0,0,0,0,0,0,0,"Katani Trail",3940443,285845,35.584532412068,-83.3635769413393,786,285820.5,3940458.5
"KATR","KATRLS05A4","A",4,0,1,0,0,0,0,0,0,0,0,0,0,0,0,0,1,0,0,0,0,0,0,0,0,0,0,0,0,0,0,0,0,0,0,0,0,0,0,"Katani Trail",3940443,285845,35.584532412068,-83.3635769413393,786,285829.5,3940458.5
"KATR","KATRLS05B1","B",1,0,1,0,0,0,0,0,0,0,0,0,0,0,0,0,0,0,0,0,0,0,0,0,0,0,0,0,0,0,0,0,0,0,0,0,0,0,0,"Katani Trail",3940443,285845,35.584532412068,-83.3635769413393,786,285860.5,3940467.5
"KATR","KATRLS05B2","B",2,0,1,0,0,0,0,0,0,0,0,0,0,0,0,0,1,0,0,0,0,0,0,0,0,0,0,0,0,0,0,0,0,0,0,2,0,0,0,"Katani Trail",3940443,285845,35.584532412068,-83.3635769413393,786,285869.5,3940467.5
"KATR","KATRLS05B3","B",3,0,1,0,0,0,0,0,0,0,0,0,0,0,0,0,1,0,0,0,0,0,0,0,0,0,0,0,0,0,0,0,0,0,0,0,0,0,0,"Katani Trail",3940443,285845,35.584532412068,-83.3635769413393,786,285860.5,3940458.5
"KATR","KATRLS05B4","B",4,0,1,0,0,0,0,0,0,0,0,0,0,0,0,0,0,0,0,0,0,0,1,0,0,0,0,0,0,0,0,0,0,0,0,0,0,0,0,"Katani Trail",3940443,285845,35.584532412068,-83.3635769413393,786,285869.5,3940458.5
"KATR","KATRLS05C1","C",1,0,1,0,0,0,0,0,0,0,0,0,0,0,0,0,1,0,0,0,0,0,0,0,0,0,0,0,0,0,0,0,0,0,0,0,0,0,0,"Katani Trail",3940443,285845,35.584532412068,-83.3635769413393,786,285820.5,3940427.5
"KATR","KATRLS05C2","C",2,0,1,0,0,0,0,0,0,0,0,0,0,0,0,0,0,0,0,0,0,0,0,0,0,0,0,0,0,0,0,0,0,0,0,0,0,0,0,"Katani Trail",3940443,285845,35.584532412068,-83.3635769413393,786,285829.5,3940427.5
"KATR","KATRLS05C3","C",3,0,1,0,0,0,0,0,0,0,0,0,0,0,0,0,0,0,0,0,0,0,0,0,0,0,0,0,0,0,0,0,2,0,0,0,0,0,0,"Katani Trail",3940443,285845,35.584532412068,-83.3635769413393,786,285820.5,3940418.5
"KATR","KATRLS05C4","C",4,0,1,0,0,0,0,0,0,0,0,0,0,0,0,0,0,0,0,0,0,0,0,0,0,0,0,0,0,0,1,7,1,0,0,1,0,0,0,"Katani Trail",3940443,285845,35.584532412068,-83.3635769413393,786,285829.5,3940418.5
"KATR","KATRLS05D1","D",1,0,0,0,0,0,0,0,0,0,0,0,0,0,0,0,1,0,0,0,0,0,0,0,0,0,0,0,0,0,0,0,0,0,0,0,0,0,0,"Katani Trail",3940443,285845,35.584532412068,-83.3635769413393,786,285860.5,3940427.5
"KATR","KATRLS05D2","D",2,0,1,0,0,0,0,0,0,0,0,0,0,0,0,0,1,0,0,0,0,0,0,0,0,0,0,0,0,0,0,0,1,0,0,0,0,0,0,"Katani Trail",3940443,285845,35.584532412068,-83.3635769413393,786,285869.5,3940427.5
"KATR","KATRLS05D3","D",3,0,1,0,0,0,0,0,0,0,0,0,0,1,0,0,0,0,0,0,0,0,0,0,0,0,0,0,0,0,0,0,0,0,0,2,0,0,0,"Katani Trail",3940443,285845,35.584532412068,-83.3635769413393,786,285860.5,3940418.5
"KATR","KATRLS05D4","D",4,0,1,0,0,0,0,0,0,0,0,0,0,0,0,0,1,0,0,0,0,0,0,0,0,0,0,0,0,0,2,0,0,0,0,0,0,0,0,"Katani Trail",3940443,285845,35.584532412068,-83.3635769413393,786,285869.5,3940418.5
"LAFA","LAFALS06A1","A",1,0,1,0,0,0,0,0,0,0,0,0,0,0,0,0,0,0,0,0,0,0,5,0,0,0,0,0,0,0,0,0,0,0,0,0,0,0,0,"Laurel Falls",3950285,265904,35.6686548067775,-83.5863245004415,688,265879.5,3950309.5
"LAFA","LAFALS06A2","A",2,0,0,0,0,0,0,0,0,0,0,0,0,0,0,0,1,0,0,1,0,6,8,0,0,2,0,0,0,0,0,0,0,0,0,0,0,0,0,"Laurel Falls",3950285,265904,35.6686548067775,-83.5863245004415,688,265888.5,3950309.5
"LAFA","LAFALS06A3","A",3,0,3,0,0,0,0,0,0,0,0,0,0,0,0,0,0,0,0,0,0,1,5,0,0,1,0,0,0,0,0,0,0,0,0,0,0,0,0,"Laurel Falls",3950285,265904,35.6686548067775,-83.5863245004415,688,265879.5,3950300.5
"LAFA","LAFALS06A4","A",4,0,0,0,0,0,0,0,0,0,0,0,0,0,0,0,0,0,0,1,0,0,20,0,0,2,0,0,0,0,0,0,1,0,0,0,0,0,0,"Laurel Falls",3950285,265904,35.6686548067775,-83.5863245004415,688,265888.5,3950300.5
"LAFA","LAFALS06B1","B",1,0,4,0,0,0,0,0,0,0,0,0,0,0,0,0,0,0,0,0,0,0,8,0,0,0,0,0,0,0,0,0,0,0,0,0,0,0,0,"Laurel Falls",3950285,265904,35.6686548067775,-83.5863245004415,688,265919.5,3950309.5
"LAFA","LAFALS06B2","B",2,0,1,0,0,0,0,0,0,0,0,0,0,2,0,0,2,0,0,0,0,56,1,0,1,0,0,0,0,0,0,0,0,0,0,0,0,0,0,"Laurel Falls",3950285,265904,35.6686548067775,-83.5863245004415,688,265928.5,3950309.5
"LAFA","LAFALS06B3","B",3,0,3,0,0,0,0,0,0,0,0,0,0,0,0,0,1,0,0,0,0,35,11,0,0,2,0,0,0,0,0,0,0,0,0,0,0,0,0,"Laurel Falls",3950285,265904,35.6686548067775,-83.5863245004415,688,265919.5,3950300.5
"LAFA","LAFALS06B4","B",4,0,0,0,0,0,0,0,0,0,0,0,0,0,0,0,0,0,0,0,0,0,15,0,1,2,0,0,0,0,0,0,0,0,0,0,0,0,0,"Laurel Falls",3950285,265904,35.6686548067775,-83.5863245004415,688,265928.5,3950300.5
"LAFA","LAFALS06C1","C",1,0,4,0,0,0,0,0,0,0,0,0,0,0,0,0,0,0,0,0,0,17,12,0,0,5,0,0,0,0,0,0,0,0,0,0,0,0,0,"Laurel Falls",3950285,265904,35.6686548067775,-83.5863245004415,688,265879.5,3950269.5
"LAFA","LAFALS06C2","C",2,0,0,0,0,0,0,0,0,0,0,0,0,0,0,0,3,0,0,0,0,0,17,0,1,2,0,0,0,0,0,0,0,0,0,0,0,0,0,"Laurel Falls",3950285,265904,35.6686548067775,-83.5863245004415,688,265888.5,3950269.5
"LAFA","LAFALS06C3","C",3,0,4,0,0,0,0,0,0,0,0,0,0,0,0,0,2,0,0,0,0,0,13,0,1,0,0,0,0,0,0,0,0,0,0,0,0,0,0,"Laurel Falls",3950285,265904,35.6686548067775,-83.5863245004415,688,265879.5,3950260.5
"LAFA","LAFALS06C4","C",4,0,0,0,0,0,0,0,0,0,0,0,0,0,0,0,2,0,0,0,0,16,4,0,0,0,0,0,0,0,0,0,0,0,0,0,0,0,0,"Laurel Falls",3950285,265904,35.6686548067775,-83.5863245004415,688,265888.5,3950260.5
"LAFA","LAFALS06D1","D",1,1,2,0,0,0,0,0,0,0,0,0,0,0,0,0,2,0,0,1,0,0,2,0,1,0,0,0,0,0,0,0,0,0,0,0,0,0,0,"Laurel Falls",3950285,265904,35.6686548067775,-83.5863245004415,688,265919.5,3950269.5
"LAFA","LAFALS06D2","D",2,0,2,0,0,0,0,0,0,0,0,0,0,0,0,0,0,0,0,0,0,30,22,0,0,5,0,0,0,0,0,0,0,0,0,0,0,0,0,"Laurel Falls",3950285,265904,35.6686548067775,-83.5863245004415,688,265928.5,3950269.5
"LAFA","LAFALS06D3","D",3,0,1,0,0,0,0,0,0,0,0,0,0,0,0,0,2,0,0,0,0,46,30,0,0,4,0,0,0,0,0,0,0,0,0,0,0,0,0,"Laurel Falls",3950285,265904,35.6686548067775,-83.5863245004415,688,265919.5,3950260.5
"LAFA","LAFALS06D4","D",4,0,0,0,0,0,0,0,0,0,0,0,0,0,0,0,0,0,0,0,0,1,3,0,0,0,0,0,0,0,0,0,0,0,0,0,0,0,0,"Laurel Falls",3950285,265904,35.6686548067775,-83.5863245004415,688,265928.5,3950260.5
"LECO","LECOLS05A1","A",1,0,1,0,0,1,0,0,0,0,0,0,0,0,0,0,0,0,0,0,0,0,0,0,0,0,0,0,0,0,0,0,0,0,0,0,0,0,0,"Lead Cove Trail",3943495,251493,35.6039686209106,-83.7432883447597,520,251468.5,3943519.5
"LECO","LECOLS05A2","A",2,0,1,0,1,1,0,0,0,0,0,0,0,0,0,0,0,0,0,0,0,0,0,0,0,0,0,0,0,0,0,0,0,0,0,0,0,0,0,"Lead Cove Trail",3943495,251493,35.6039686209106,-83.7432883447597,520,251477.5,3943519.5
"LECO","LECOLS05A3","A",3,0,1,0,0,0,0,0,0,0,0,0,0,0,0,0,0,0,0,0,0,0,0,0,0,0,0,0,0,0,0,0,0,0,0,0,0,0,0,"Lead Cove Trail",3943495,251493,35.6039686209106,-83.7432883447597,520,251468.5,3943510.5
"LECO","LECOLS05A4","A",4,0,1,0,0,1,0,0,0,0,0,0,0,0,0,0,0,0,0,0,0,0,0,0,0,0,0,0,0,0,0,0,0,0,0,0,0,0,0,"Lead Cove Trail",3943495,251493,35.6039686209106,-83.7432883447597,520,251477.5,3943510.5
"LECO","LECOLS05B1","B",1,0,1,0,0,0,0,0,0,0,0,0,0,0,0,0,1,0,0,0,0,0,1,0,0,0,0,0,0,0,0,0,0,0,0,0,0,0,0,"Lead Cove Trail",3943495,251493,35.6039686209106,-83.7432883447597,520,251508.5,3943519.5
"LECO","LECOLS05B2","B",2,0,1,0,0,0,0,0,0,0,0,0,0,0,0,0,0,0,0,0,0,0,0,0,0,0,0,0,0,0,0,0,0,0,0,0,0,0,0,"Lead Cove Trail",3943495,251493,35.6039686209106,-83.7432883447597,520,251517.5,3943519.5
"LECO","LECOLS05B3","B",3,0,1,0,0,0,0,0,0,0,0,0,0,0,0,0,1,0,0,0,0,0,1,0,0,0,0,0,0,0,0,0,0,0,0,0,0,0,0,"Lead Cove Trail",3943495,251493,35.6039686209106,-83.7432883447597,520,251508.5,3943510.5
"LECO","LECOLS05B4","B",4,0,1,0,0,0,0,0,0,0,0,0,0,0,0,0,0,0,0,0,0,0,1,0,0,0,0,0,0,0,0,0,0,0,0,0,0,0,0,"Lead Cove Trail",3943495,251493,35.6039686209106,-83.7432883447597,520,251517.5,3943510.5
"LECO","LECOLS05C1","C",1,0,1,0,0,1,0,0,0,0,0,0,0,0,0,0,0,0,0,0,0,0,1,0,0,0,0,0,0,0,0,0,0,0,0,0,0,0,0,"Lead Cove Trail",3943495,251493,35.6039686209106,-83.7432883447597,520,251468.5,3943479.5
"LECO","LECOLS05C2","C",2,0,1,0,0,0,0,0,0,0,0,0,0,0,0,0,0,0,0,0,0,0,1,0,0,0,0,0,0,0,0,0,0,0,0,0,0,0,0,"Lead Cove Trail",3943495,251493,35.6039686209106,-83.7432883447597,520,251477.5,3943479.5
"LECO","LECOLS05C3","C",3,0,1,0,0,0,0,0,0,0,0,0,0,0,0,0,1,0,0,0,0,0,1,0,0,0,0,0,0,0,0,0,0,0,0,0,0,0,0,"Lead Cove Trail",3943495,251493,35.6039686209106,-83.7432883447597,520,251468.5,3943470.5
"LECO","LECOLS05C4","C",4,0,1,0,0,0,0,0,0,0,0,0,0,0,0,0,0,0,0,0,0,0,0,0,0,0,0,0,0,0,0,0,0,0,0,0,0,0,0,"Lead Cove Trail",3943495,251493,35.6039686209106,-83.7432883447597,520,251477.5,3943470.5
"LECO","LECOLS05D1","D",1,0,1,1,0,0,0,0,0,0,0,0,0,0,0,0,0,0,0,0,0,0,1,0,0,0,0,0,0,0,0,0,0,0,0,0,0,0,0,"Lead Cove Trail",3943495,251493,35.6039686209106,-83.7432883447597,520,251508.5,3943479.5
"LECO","LECOLS05D2","D",2,0,1,1,0,1,0,0,0,0,0,0,0,0,0,0,0,0,0,0,0,0,1,0,0,0,0,0,0,0,0,0,0,0,0,0,0,0,1,"Lead Cove Trail",3943495,251493,35.6039686209106,-83.7432883447597,520,251517.5,3943479.5
"LECO","LECOLS05D3","D",3,0,1,0,0,0,0,0,0,0,0,0,0,0,0,0,1,0,0,0,0,0,1,0,0,0,0,0,0,0,0,0,0,0,0,0,0,0,0,"Lead Cove Trail",3943495,251493,35.6039686209106,-83.7432883447597,520,251508.5,3943470.5
"LECO","LECOLS05D4","D",4,0,1,0,0,1,0,0,0,0,0,0,0,0,0,0,0,0,0,0,0,0,0,0,0,0,0,0,0,0,0,0,0,0,0,0,0,0,0,"Lead Cove Trail",3943495,251493,35.6039686209106,-83.7432883447597,520,251517.5,3943470.5
"NOCR","NOCRLS05A1","A",1,1,1,0,0,0,0,0,0,0,0,0,1,0,0,0,1,0,0,1,2,1,1,1,0,0,0,0,0,0,0,0,0,2,0,8,0,0,0,"Noland Creek",3927196,269003,35.4614100639219,-83.5455266046712,656,268978.5,3927220.5
"NOCR","NOCRLS05A2","A",2,0,1,0,0,0,0,0,0,0,0,0,0,0,0,0,1,0,0,10,0,1,1,0,0,0,0,0,0,0,0,0,0,0,0,10,0,0,0,"Noland Creek",3927196,269003,35.4614100639219,-83.5455266046712,656,268987.5,3927220.5
"NOCR","NOCRLS05A3","A",3,0,1,0,0,0,0,0,1,0,0,0,0,1,0,0,1,0,0,3,0,0,1,0,1,0,3,0,0,0,0,0,0,0,0,0,0,0,0,"Noland Creek",3927196,269003,35.4614100639219,-83.5455266046712,656,268978.5,3927211.5
"NOCR","NOCRLS05A4","A",4,0,1,0,0,0,0,0,0,0,0,0,0,0,0,0,1,0,0,0,0,0,1,0,0,0,0,0,0,0,0,0,0,0,0,3,1,0,0,"Noland Creek",3927196,269003,35.4614100639219,-83.5455266046712,656,268987.5,3927211.5
"NOCR","NOCRLS05B1","B",1,0,1,0,0,0,0,0,0,0,0,0,0,0,0,0,1,0,0,4,0,1,1,0,0,0,0,0,32,0,0,0,0,0,0,5,0,0,0,"Noland Creek",3927196,269003,35.4614100639219,-83.5455266046712,656,269018.5,3927220.5
"NOCR","NOCRLS05B2","B",2,0,1,0,0,0,0,0,0,0,0,0,0,0,0,0,1,0,0,0,0,1,1,0,1,0,0,0,0,0,0,0,0,0,0,1,0,0,0,"Noland Creek",3927196,269003,35.4614100639219,-83.5455266046712,656,269027.5,3927220.5
"NOCR","NOCRLS05B3","B",3,1,1,0,0,1,0,0,0,0,0,0,0,0,0,0,1,0,0,0,0,0,1,0,0,0,0,0,3,0,0,0,0,1,0,8,0,0,0,"Noland Creek",3927196,269003,35.4614100639219,-83.5455266046712,656,269018.5,3927211.5
"NOCR","NOCRLS05B4","B",4,0,1,0,1,1,0,0,0,0,0,0,0,1,0,0,1,0,0,0,0,1,1,0,0,0,0,0,1,0,0,0,0,0,0,9,0,0,0,"Noland Creek",3927196,269003,35.4614100639219,-83.5455266046712,656,269027.5,3927211.5
"NOCR","NOCRLS05C1","C",1,0,1,0,0,0,0,0,0,0,0,0,0,1,0,0,1,0,0,7,0,1,1,1,0,0,0,0,3,0,0,0,0,0,0,9,0,0,1,"Noland Creek",3927196,269003,35.4614100639219,-83.5455266046712,656,268978.5,3927180.5
"NOCR","NOCRLS05C2","C",2,0,1,0,0,0,0,0,0,0,0,0,0,0,0,0,1,0,0,1,0,1,1,0,1,0,0,0,4,0,0,0,0,0,0,3,0,0,0,"Noland Creek",3927196,269003,35.4614100639219,-83.5455266046712,656,268987.5,3927180.5
"NOCR","NOCRLS05C3","C",3,1,1,0,0,0,0,0,0,0,0,0,0,0,0,0,1,0,2,4,0,1,1,1,0,0,0,0,11,0,0,0,0,0,0,20,1,0,1,"Noland Creek",3927196,269003,35.4614100639219,-83.5455266046712,656,268978.5,3927171.5
"NOCR","NOCRLS05C4","C",4,1,1,0,0,0,0,0,0,0,0,0,0,0,0,0,1,0,0,0,0,1,1,0,0,0,0,0,9,0,0,0,0,0,0,10,0,0,1,"Noland Creek",3927196,269003,35.4614100639219,-83.5455266046712,656,268987.5,3927171.5
"NOCR","NOCRLS05D1","D",1,0,1,0,1,0,0,0,0,0,0,0,1,1,0,0,1,0,0,0,1,1,1,1,0,0,0,0,7,0,0,0,0,1,0,9,0,0,1,"Noland Creek",3927196,269003,35.4614100639219,-83.5455266046712,656,269018.5,3927180.5
"NOCR","NOCRLS05D2","D",2,0,1,0,0,0,0,1,0,0,0,0,0,1,0,0,1,0,0,10,0,1,1,1,1,0,0,0,11,0,0,0,0,0,0,12,0,0,0,"Noland Creek",3927196,269003,35.4614100639219,-83.5455266046712,656,269027.5,3927180.5
"NOCR","NOCRLS05D3","D",3,0,1,0,0,0,0,1,0,0,0,0,0,0,0,0,1,0,0,1,1,1,1,0,1,0,0,0,1,0,0,0,0,0,0,1,1,0,0,"Noland Creek",3927196,269003,35.4614100639219,-83.5455266046712,656,269018.5,3927171.5
"NOCR","NOCRLS05D4","D",4,0,1,0,0,0,0,0,0,0,0,0,0,0,0,0,1,0,0,0,30,1,0,0,0,0,0,0,11,0,0,0,0,0,0,10,0,0,1,"Noland Creek",3927196,269003,35.4614100639219,-83.5455266046712,656,269027.5,3927171.5
"NODI","NODILS06A1","A",1,0,0,0,0,0,0,0,0,0,0,0,0,0,0,0,0,0,0,0,0,0,0,0,0,0,0,0,0,0,0,0,0,0,0,0,0,0,0,"Noland Divide Tr.",3938595,275066,35.5654884048874,-83.4819308275572,1828,275041.5,3938619.5
"NODI","NODILS06A2","A",2,0,0,0,0,0,0,0,0,0,0,0,0,0,0,0,0,0,0,0,0,0,0,0,0,0,0,0,0,0,0,0,0,0,0,0,0,0,0,"Noland Divide Tr.",3938595,275066,35.5654884048874,-83.4819308275572,1828,275050.5,3938619.5
"NODI","NODILS06A3","A",3,0,0,0,0,0,0,0,0,0,0,0,0,0,0,0,0,0,0,0,0,0,0,0,0,0,0,0,0,0,0,0,0,0,0,0,0,0,0,"Noland Divide Tr.",3938595,275066,35.5654884048874,-83.4819308275572,1828,275041.5,3938610.5
"NODI","NODILS06A4","A",4,0,0,0,0,0,0,0,0,0,0,0,0,0,0,0,0,0,0,0,0,0,0,0,0,0,0,0,0,0,0,0,0,0,0,0,0,0,0,"Noland Divide Tr.",3938595,275066,35.5654884048874,-83.4819308275572,1828,275050.5,3938610.5
"NODI","NODILS06B1","B",1,0,0,0,0,0,0,0,0,0,0,0,0,0,0,0,0,0,0,0,0,0,0,0,0,0,0,0,0,0,0,0,0,0,0,0,0,0,0,"Noland Divide Tr.",3938595,275066,35.5654884048874,-83.4819308275572,1828,275081.5,3938619.5
"NODI","NODILS06B2","B",2,0,0,0,0,0,0,0,0,0,0,0,0,0,0,0,0,0,0,0,0,0,0,0,0,0,0,0,0,0,0,0,0,0,0,0,0,0,0,"Noland Divide Tr.",3938595,275066,35.5654884048874,-83.4819308275572,1828,275090.5,3938619.5
"NODI","NODILS06B3","B",3,0,0,0,0,0,0,0,0,0,0,0,0,0,0,0,0,0,0,0,0,0,0,0,0,0,0,0,0,0,0,0,0,0,0,0,0,0,0,"Noland Divide Tr.",3938595,275066,35.5654884048874,-83.4819308275572,1828,275081.5,3938610.5
"NODI","NODILS06B4","B",4,0,0,0,0,0,0,0,0,0,0,0,0,0,0,0,0,0,0,0,0,0,0,0,0,0,0,0,0,0,0,0,0,0,0,0,0,0,0,"Noland Divide Tr.",3938595,275066,35.5654884048874,-83.4819308275572,1828,275090.5,3938610.5
"NODI","NODILS06C1","C",1,0,0,0,0,0,0,0,0,0,0,0,0,0,0,0,0,0,0,0,0,0,0,0,0,0,0,0,0,0,0,0,0,0,0,0,0,0,0,"Noland Divide Tr.",3938595,275066,35.5654884048874,-83.4819308275572,1828,275041.5,3938579.5
"NODI","NODILS06C2","C",2,0,0,0,0,0,0,0,0,0,0,0,0,0,0,0,0,0,0,0,0,0,0,0,0,0,0,0,0,0,0,0,0,0,0,0,0,0,0,"Noland Divide Tr.",3938595,275066,35.5654884048874,-83.4819308275572,1828,275050.5,3938579.5
"NODI","NODILS06C3","C",3,0,0,0,0,0,0,0,0,0,0,0,0,0,0,0,0,0,0,0,0,0,0,0,0,0,0,0,0,0,0,0,0,5,0,0,0,0,0,"Noland Divide Tr.",3938595,275066,35.5654884048874,-83.4819308275572,1828,275041.5,3938570.5
"NODI","NODILS06C4","C",4,0,1,0,0,0,0,0,0,0,0,0,0,0,0,0,0,0,0,0,0,0,0,0,0,0,0,0,0,0,0,0,0,0,0,0,0,0,0,"Noland Divide Tr.",3938595,275066,35.5654884048874,-83.4819308275572,1828,275050.5,3938570.5
"NODI","NODILS06D1","D",1,0,0,0,0,0,0,0,0,0,0,0,0,0,0,0,0,0,0,0,0,0,0,0,0,0,0,0,0,0,0,0,0,0,0,0,0,0,0,"Noland Divide Tr.",3938595,275066,35.5654884048874,-83.4819308275572,1828,275081.5,3938579.5
"NODI","NODILS06D2","D",2,0,0,0,0,0,0,0,0,0,0,0,0,0,0,0,0,0,0,0,0,0,0,0,0,0,0,0,0,0,0,0,0,0,0,0,0,0,0,"Noland Divide Tr.",3938595,275066,35.5654884048874,-83.4819308275572,1828,275090.5,3938579.5
"NODI","NODILS06D3","D",3,0,0,0,0,0,0,0,0,0,0,0,0,0,0,0,0,0,0,0,0,0,0,0,0,0,0,0,0,0,0,0,0,0,0,0,0,0,0,"Noland Divide Tr.",3938595,275066,35.5654884048874,-83.4819308275572,1828,275081.5,3938570.5
"NODI","NODILS06D4","D",4,0,0,0,0,0,0,0,0,0,0,0,0,0,0,0,0,0,0,0,0,0,0,0,0,0,0,0,0,0,0,0,0,0,0,0,0,0,0,"Noland Divide Tr.",3938595,275066,35.5654884048874,-83.4819308275572,1828,275090.5,3938570.5
"OCLF","OCLFLS04A1","A",1,0,1,0,0,0,0,0,0,0,0,0,0,4,0,0,0,0,0,0,0,0,2,0,0,0,0,0,0,0,0,0,0,0,0,0,0,0,0,"Oconaluftee",3931728,291173,35.5071576113632,-83.3025693263459,625,291148.5,3931752.5
"OCLF","OCLFLS04A2","A",2,0,0,0,0,0,0,0,1,0,0,0,0,5,0,0,0,0,0,1,0,0,5,0,0,0,0,0,2,0,0,0,0,0,0,0,0,0,2,"Oconaluftee",3931728,291173,35.5071576113632,-83.3025693263459,625,291157.5,3931752.5
"OCLF","OCLFLS04A3","A",3,0,1,0,1,0,0,0,0,0,0,0,0,3,0,0,2,0,0,8,0,0,22,0,0,0,2,0,0,0,0,0,0,1,0,0,0,0,0,"Oconaluftee",3931728,291173,35.5071576113632,-83.3025693263459,625,291148.5,3931743.5
"OCLF","OCLFLS04A4","A",4,0,2,0,0,0,0,0,0,0,0,0,0,0,0,0,0,0,0,5,0,0,0,0,0,0,0,0,0,0,0,0,0,2,0,0,0,0,0,"Oconaluftee",3931728,291173,35.5071576113632,-83.3025693263459,625,291157.5,3931743.5
"OCLF","OCLFLS04B1","B",1,0,0,0,0,0,0,0,0,0,0,0,0,0,0,0,0,0,0,0,0,0,1,0,0,0,0,0,0,0,0,0,0,0,0,0,0,0,0,"Oconaluftee",3931728,291173,35.5071576113632,-83.3025693263459,625,291188.5,3931752.5
"OCLF","OCLFLS04B2","B",2,0,0,0,0,0,0,0,0,0,0,0,0,7,0,0,0,0,0,1,0,0,0,0,0,0,0,0,0,0,0,0,0,1,0,0,0,0,0,"Oconaluftee",3931728,291173,35.5071576113632,-83.3025693263459,625,291197.5,3931752.5
"OCLF","OCLFLS04B3","B",3,0,1,0,0,0,0,0,0,0,0,0,0,0,0,0,0,0,0,0,0,0,4,0,0,0,0,0,0,0,0,0,0,0,0,0,0,0,0,"Oconaluftee",3931728,291173,35.5071576113632,-83.3025693263459,625,291188.5,3931743.5
"OCLF","OCLFLS04B4","B",4,0,5,0,0,0,0,0,0,0,0,0,0,0,0,0,2,0,0,0,0,0,0,0,0,0,0,0,0,0,0,0,0,1,0,0,0,0,0,"Oconaluftee",3931728,291173,35.5071576113632,-83.3025693263459,625,291197.5,3931743.5
"OCLF","OCLFLS04C1","C",1,0,0,0,0,0,0,0,0,0,0,0,0,41,0,0,0,0,0,0,0,0,0,0,0,0,0,0,0,0,1,0,0,0,0,0,0,0,0,"Oconaluftee",3931728,291173,35.5071576113632,-83.3025693263459,625,291148.5,3931712.5
"OCLF","OCLFLS04C2","C",2,0,0,0,0,0,0,0,0,0,0,0,0,0,0,0,0,0,0,1,0,0,0,0,0,0,0,0,0,0,1,0,0,0,0,0,0,0,0,"Oconaluftee",3931728,291173,35.5071576113632,-83.3025693263459,625,291157.5,3931712.5
"OCLF","OCLFLS04C3","C",3,0,0,0,0,0,0,0,0,0,0,0,0,1,0,0,0,0,0,0,0,0,1,0,0,0,0,0,0,0,0,0,0,0,0,0,0,0,0,"Oconaluftee",3931728,291173,35.5071576113632,-83.3025693263459,625,291148.5,3931703.5
"OCLF","OCLFLS04C4","C",4,0,0,0,0,0,0,0,0,0,0,0,0,0,0,0,0,0,0,0,0,0,0,0,0,0,0,0,0,0,0,0,0,0,0,0,0,0,0,"Oconaluftee",3931728,291173,35.5071576113632,-83.3025693263459,625,291157.5,3931703.5
"OCLF","OCLFLS04D1","D",1,0,1,0,0,0,0,0,0,0,0,0,0,0,0,0,0,0,0,0,0,0,0,0,0,0,0,0,0,0,0,0,0,0,0,0,0,0,1,"Oconaluftee",3931728,291173,35.5071576113632,-83.3025693263459,625,291188.5,3931712.5
"OCLF","OCLFLS04D2","D",2,0,0,0,0,0,0,0,0,0,0,0,0,0,0,0,0,0,0,0,0,0,0,0,0,0,0,0,0,0,0,1,0,0,0,0,0,0,0,"Oconaluftee",3931728,291173,35.5071576113632,-83.3025693263459,625,291197.5,3931712.5
"OCLF","OCLFLS04D3","D",3,0,0,0,0,0,0,0,0,0,0,0,0,0,0,0,0,0,0,0,0,0,0,0,0,0,0,0,0,0,0,0,0,0,0,0,0,0,0,"Oconaluftee",3931728,291173,35.5071576113632,-83.3025693263459,625,291188.5,3931703.5
"OCLF","OCLFLS04D4","D",4,0,0,0,0,0,0,0,0,0,0,0,0,0,0,0,0,0,0,0,0,0,0,0,0,0,0,0,0,0,0,0,0,0,0,0,0,0,0,"Oconaluftee",3931728,291173,35.5071576113632,-83.3025693263459,625,291197.5,3931703.5
"PABR","PABRLS05A1","A",1,0,0,0,0,0,0,0,0,0,0,1,0,1,0,0,0,0,0,0,0,1,1,0,1,0,0,0,10,0,0,0,0,0,0,0,0,0,0,"Parson Branch",3932386,233816,35.4993204441892,-83.9345537719346,403,233791.5,3932410.5
"PABR","PABRLS05A2","A",2,0,1,0,0,0,0,0,0,0,0,1,0,1,0,0,0,0,0,0,0,1,1,0,0,0,0,0,13,0,0,0,0,0,0,0,0,0,1,"Parson Branch",3932386,233816,35.4993204441892,-83.9345537719346,403,233800.5,3932410.5
"PABR","PABRLS05A3","A",3,0,1,0,0,0,0,0,0,0,0,0,0,0,0,0,1,0,0,0,0,1,0,0,0,0,0,0,0,0,0,0,0,0,0,0,0,0,0,"Parson Branch",3932386,233816,35.4993204441892,-83.9345537719346,403,233791.5,3932401.5
"PABR","PABRLS05A4","A",4,0,1,0,0,0,0,0,1,0,0,0,0,0,0,0,0,0,0,0,0,1,0,0,0,0,0,0,0,0,0,0,0,0,0,0,0,0,0,"Parson Branch",3932386,233816,35.4993204441892,-83.9345537719346,403,233800.5,3932401.5
"PABR","PABRLS05B1","B",1,0,1,0,0,0,0,0,0,0,0,0,0,1,0,0,1,0,0,0,0,1,0,0,0,0,0,0,0,0,0,0,0,0,0,0,0,0,0,"Parson Branch",3932386,233816,35.4993204441892,-83.9345537719346,403,233831.5,3932410.5
"PABR","PABRLS05B2","B",2,0,0,0,0,0,0,0,0,0,0,0,0,0,0,0,0,0,0,0,0,1,0,0,1,0,0,0,0,0,0,0,0,0,0,0,0,0,0,"Parson Branch",3932386,233816,35.4993204441892,-83.9345537719346,403,233840.5,3932410.5
"PABR","PABRLS05B3","B",3,1,1,0,0,0,0,0,0,0,0,0,0,1,0,0,1,0,0,0,0,1,1,1,1,0,0,0,0,0,0,0,0,0,0,0,0,0,0,"Parson Branch",3932386,233816,35.4993204441892,-83.9345537719346,403,233831.5,3932401.5
"PABR","PABRLS05B4","B",4,0,1,0,0,0,0,0,0,0,0,0,0,0,0,0,1,0,0,0,0,1,0,0,0,0,0,0,0,0,0,0,0,0,0,0,0,0,0,"Parson Branch",3932386,233816,35.4993204441892,-83.9345537719346,403,233840.5,3932401.5
"PABR","PABRLS05C1","C",1,0,1,0,0,0,0,0,0,0,0,0,1,0,0,0,1,0,0,0,0,1,1,0,1,0,0,0,0,0,0,0,0,0,0,0,0,0,0,"Parson Branch",3932386,233816,35.4993204441892,-83.9345537719346,403,233791.5,3932370.5
"PABR","PABRLS05C2","C",2,0,1,0,0,1,0,0,0,0,0,0,0,0,0,0,1,0,0,0,0,0,0,0,0,0,0,0,0,0,0,0,0,0,0,0,0,0,0,"Parson Branch",3932386,233816,35.4993204441892,-83.9345537719346,403,233800.5,3932370.5
"PABR","PABRLS05C3","C",3,0,1,0,0,0,0,0,0,0,0,0,0,0,0,0,1,0,0,0,0,1,1,0,0,0,0,0,1,0,0,0,0,0,0,0,0,0,0,"Parson Branch",3932386,233816,35.4993204441892,-83.9345537719346,403,233791.5,3932361.5
"PABR","PABRLS05C4","C",4,0,1,0,0,0,0,0,0,0,0,0,0,0,1,0,1,0,0,0,0,0,0,0,0,0,0,0,0,0,0,0,0,0,0,0,0,0,0,"Parson Branch",3932386,233816,35.4993204441892,-83.9345537719346,403,233800.5,3932361.5
"PABR","PABRLS05D1","D",1,0,1,0,0,0,0,0,0,0,0,0,0,0,0,0,1,0,0,0,0,1,0,0,0,0,0,0,0,0,0,0,0,0,0,0,0,0,0,"Parson Branch",3932386,233816,35.4993204441892,-83.9345537719346,403,233831.5,3932370.5
"PABR","PABRLS05D2","D",2,0,1,0,0,0,0,0,0,0,0,0,0,0,1,0,1,0,0,0,0,0,0,0,0,0,3,0,0,0,0,0,0,0,0,0,0,0,0,"Parson Branch",3932386,233816,35.4993204441892,-83.9345537719346,403,233840.5,3932370.5
"PABR","PABRLS05D3","D",3,0,1,0,0,0,0,0,1,0,0,0,0,0,0,0,1,0,0,0,0,0,0,0,0,0,0,0,0,0,0,0,0,0,0,0,0,0,0,"Parson Branch",3932386,233816,35.4993204441892,-83.9345537719346,403,233831.5,3932361.5
"PABR","PABRLS05D4","D",4,0,1,0,0,0,0,0,0,0,0,0,0,0,0,0,0,0,0,0,0,0,0,0,0,0,0,0,0,0,0,0,0,0,0,0,0,0,0,"Parson Branch",3932386,233816,35.4993204441892,-83.9345537719346,403,233840.5,3932361.5
"PRKB","PRKBLS04A1","A",1,0,3,0,0,0,0,0,0,0,0,0,0,0,0,0,0,0,0,0,0,0,0,0,0,0,0,0,0,0,1,0,0,0,0,0,0,0,0,"Purchase Knob",3940422,313346,35.5899246017199,-83.060238629008,1530,313321.5,3940446.5
"PRKB","PRKBLS04A2","A",2,1,8,0,0,0,0,0,0,0,0,0,0,0,0,0,0,0,0,0,0,0,0,0,0,0,0,0,0,0,4,0,2,0,0,0,0,0,0,"Purchase Knob",3940422,313346,35.5899246017199,-83.060238629008,1530,313330.5,3940446.5
"PRKB","PRKBLS04A3","A",3,0,2,0,0,0,0,0,0,0,0,0,0,0,0,0,0,0,0,0,0,0,0,0,0,0,0,0,0,0,14,0,4,0,0,0,0,0,0,"Purchase Knob",3940422,313346,35.5899246017199,-83.060238629008,1530,313321.5,3940437.5
"PRKB","PRKBLS04A4","A",4,1,2,0,0,0,0,0,0,0,0,0,0,0,0,0,0,0,0,0,0,0,0,0,0,0,0,0,0,0,1,0,0,0,0,0,0,0,0,"Purchase Knob",3940422,313346,35.5899246017199,-83.060238629008,1530,313330.5,3940437.5
"PRKB","PRKBLS04B1","B",1,0,5,0,0,0,0,0,0,0,0,0,0,0,0,0,0,0,0,0,0,0,0,0,0,0,0,0,0,0,4,0,3,0,0,0,0,0,0,"Purchase Knob",3940422,313346,35.5899246017199,-83.060238629008,1530,313361.5,3940446.5
"PRKB","PRKBLS04B2","B",2,0,3,0,0,0,0,0,0,0,0,0,0,0,0,0,0,0,0,0,0,0,0,0,0,0,0,0,0,0,2,0,3,0,0,0,0,0,0,"Purchase Knob",3940422,313346,35.5899246017199,-83.060238629008,1530,313370.5,3940446.5
"PRKB","PRKBLS04B3","B",3,0,9,0,0,0,0,0,0,0,0,0,0,0,0,0,0,0,0,0,0,0,0,0,0,0,0,0,0,0,3,0,0,0,0,0,0,0,0,"Purchase Knob",3940422,313346,35.5899246017199,-83.060238629008,1530,313361.5,3940437.5
"PRKB","PRKBLS04B4","B",4,0,8,0,0,0,0,0,0,0,0,0,0,0,0,0,0,0,0,0,0,0,0,0,0,0,0,0,0,0,9,0,0,0,0,0,0,0,0,"Purchase Knob",3940422,313346,35.5899246017199,-83.060238629008,1530,313370.5,3940437.5
"PRKB","PRKBLS04C1","C",1,0,2,0,0,0,0,0,0,0,0,0,0,0,0,0,1,0,0,0,0,0,0,0,0,0,0,0,0,0,1,0,1,0,0,0,0,0,0,"Purchase Knob",3940422,313346,35.5899246017199,-83.060238629008,1530,313321.5,3940406.5
"PRKB","PRKBLS04C2","C",2,0,4,0,0,0,0,0,0,0,0,0,0,0,0,0,1,0,0,0,0,0,0,0,0,0,0,0,0,0,4,0,3,0,0,0,0,0,0,"Purchase Knob",3940422,313346,35.5899246017199,-83.060238629008,1530,313330.5,3940406.5
"PRKB","PRKBLS04C3","C",3,0,0,0,0,0,0,0,0,0,0,0,0,0,0,0,0,0,0,0,0,0,0,0,0,0,0,0,0,0,1,0,0,0,0,0,0,0,0,"Purchase Knob",3940422,313346,35.5899246017199,-83.060238629008,1530,313321.5,3940397.5
"PRKB","PRKBLS04C4","C",4,0,4,0,0,0,0,0,0,0,0,0,0,0,0,0,0,0,0,0,0,0,0,0,0,0,0,0,0,0,2,0,1,0,0,0,0,0,0,"Purchase Knob",3940422,313346,35.5899246017199,-83.060238629008,1530,313330.5,3940397.5
"PRKB","PRKBLS04D1","D",1,0,3,0,0,0,0,0,0,0,0,0,0,0,0,0,1,0,0,0,0,0,0,0,0,0,0,0,0,0,26,0,7,0,0,0,0,0,0,"Purchase Knob",3940422,313346,35.5899246017199,-83.060238629008,1530,313361.5,3940406.5
"PRKB","PRKBLS04D2","D",2,0,4,0,0,0,0,0,0,0,0,0,0,0,0,0,0,0,0,0,0,0,0,0,0,0,0,0,0,0,2,0,6,0,0,0,0,0,0,"Purchase Knob",3940422,313346,35.5899246017199,-83.060238629008,1530,313370.5,3940406.5
"PRKB","PRKBLS04D3","D",3,0,3,0,0,0,0,0,0,0,0,0,0,0,0,0,0,0,0,0,0,0,0,0,0,0,0,0,0,0,2,0,1,0,0,0,0,0,0,"Purchase Knob",3940422,313346,35.5899246017199,-83.060238629008,1530,313361.5,3940397.5
"PRKB","PRKBLS04D4","D",4,0,0,0,0,0,0,0,0,0,0,0,0,0,0,0,0,0,0,0,0,0,0,0,0,0,0,0,0,0,5,0,0,0,0,0,0,0,0,"Purchase Knob",3940422,313346,35.5899246017199,-83.060238629008,1530,313370.5,3940397.5
"RAMY","RAMYLS06A1","A",1,0,1,0,0,0,0,0,0,0,0,0,0,0,0,0,0,0,0,0,0,0,1,0,0,2,0,0,0,0,0,0,0,0,0,0,0,0,0,"Ramsay Cascade",3953883,288068,35.7060919501939,-83.3425943512557,941,288043.5,3953907.5
"RAMY","RAMYLS06A2","A",2,0,0,0,0,0,0,0,0,0,0,0,0,0,0,0,0,0,0,0,0,0,3,0,0,0,0,0,0,0,0,0,0,0,0,0,0,0,0,"Ramsay Cascade",3953883,288068,35.7060919501939,-83.3425943512557,941,288052.5,3953907.5
"RAMY","RAMYLS06A3","A",3,0,0,0,0,0,0,0,0,0,0,0,0,0,0,0,1,0,0,0,0,0,0,0,0,0,0,0,0,0,0,0,0,0,0,0,0,0,0,"Ramsay Cascade",3953883,288068,35.7060919501939,-83.3425943512557,941,288043.5,3953898.5
"RAMY","RAMYLS06A4","A",4,0,0,0,0,0,0,0,0,0,0,0,0,1,0,0,10,0,0,1,0,0,1,0,0,1,0,0,0,0,0,0,1,0,0,0,0,0,0,"Ramsay Cascade",3953883,288068,35.7060919501939,-83.3425943512557,941,288052.5,3953898.5
"RAMY","RAMYLS06B1","B",1,0,0,0,0,0,0,0,0,0,0,0,0,0,0,0,0,0,0,0,0,0,4,0,0,0,0,0,0,0,0,0,0,0,0,0,0,0,0,"Ramsay Cascade",3953883,288068,35.7060919501939,-83.3425943512557,941,288083.5,3953907.5
"RAMY","RAMYLS06B2","B",2,0,15,0,0,0,0,0,0,0,0,0,0,0,0,0,0,0,0,0,0,0,3,0,0,0,0,0,0,0,0,0,0,0,0,0,0,0,0,"Ramsay Cascade",3953883,288068,35.7060919501939,-83.3425943512557,941,288092.5,3953907.5
"RAMY","RAMYLS06B3","B",3,0,3,0,0,0,0,0,0,0,0,0,0,0,0,0,3,0,0,0,0,0,0,0,0,0,0,0,0,0,0,0,0,0,0,0,0,0,0,"Ramsay Cascade",3953883,288068,35.7060919501939,-83.3425943512557,941,288083.5,3953898.5
"RAMY","RAMYLS06B4","B",4,0,0,0,0,0,0,0,0,0,0,0,0,1,0,0,5,0,0,0,0,0,1,0,0,0,0,0,0,0,0,0,0,0,0,0,0,0,0,"Ramsay Cascade",3953883,288068,35.7060919501939,-83.3425943512557,941,288092.5,3953898.5
"RAMY","RAMYLS06C1","C",1,0,0,0,0,0,0,0,0,0,0,0,0,0,0,0,0,0,0,0,0,0,0,0,0,0,0,0,0,0,0,0,0,0,0,0,0,0,0,"Ramsay Cascade",3953883,288068,35.7060919501939,-83.3425943512557,941,288043.5,3953867.5
"RAMY","RAMYLS06C2","C",2,0,0,0,0,0,0,0,0,0,0,0,0,0,0,0,2,0,0,0,0,0,0,0,0,0,0,0,0,0,0,0,0,0,0,0,0,0,0,"Ramsay Cascade",3953883,288068,35.7060919501939,-83.3425943512557,941,288052.5,3953867.5
"RAMY","RAMYLS06C3","C",3,0,2,0,0,0,0,0,0,0,0,0,0,0,0,0,0,0,0,0,0,0,7,0,0,0,0,0,0,0,1,0,0,0,0,0,0,0,0,"Ramsay Cascade",3953883,288068,35.7060919501939,-83.3425943512557,941,288043.5,3953858.5
"RAMY","RAMYLS06C4","C",4,0,1,0,0,0,0,0,0,0,0,0,0,0,0,0,4,0,0,6,0,0,1,0,0,0,0,0,0,0,0,0,0,0,0,0,0,0,0,"Ramsay Cascade",3953883,288068,35.7060919501939,-83.3425943512557,941,288052.5,3953858.5
"RAMY","RAMYLS06D1","D",1,0,2,0,0,0,0,0,0,0,0,0,0,0,0,0,1,0,0,1,0,0,1,0,0,0,0,0,0,0,0,0,0,0,0,0,0,0,0,"Ramsay Cascade",3953883,288068,35.7060919501939,-83.3425943512557,941,288083.5,3953867.5
"RAMY","RAMYLS06D2","D",2,0,2,0,0,0,0,0,0,0,0,0,0,0,0,0,2,0,0,0,0,0,1,0,0,0,0,0,0,0,0,0,0,0,1,0,0,0,0,"Ramsay Cascade",3953883,288068,35.7060919501939,-83.3425943512557,941,288092.5,3953867.5
"RAMY","RAMYLS06D3","D",3,0,0,0,0,0,0,0,0,0,0,0,0,0,0,0,1,0,0,0,0,0,2,0,1,0,0,0,0,0,0,0,0,0,1,0,0,0,0,"Ramsay Cascade",3953883,288068,35.7060919501939,-83.3425943512557,941,288083.5,3953858.5
"RAMY","RAMYLS06D4","D",4,0,1,0,0,0,0,0,0,0,0,0,0,20,0,0,3,0,0,1,0,0,1,0,0,0,0,0,0,0,0,0,0,0,1,0,0,0,0,"Ramsay Cascade",3953883,288068,35.7060919501939,-83.3425943512557,941,288092.5,3953858.5
"RMCD","RMCDLS04A1","A",1,0,3,0,0,0,0,0,0,0,0,0,0,1,0,0,1,0,0,0,0,0,3,0,0,0,0,0,0,0,0,0,0,0,0,0,0,1,0,"Ramsey Cascades Tr.",3953490,288399,35.7026227858309,-83.3388349007799,770,288374.5,3953514.5
"RMCD","RMCDLS04A2","A",2,0,45,0,0,7,0,0,0,0,0,0,0,0,0,0,3,0,0,1,0,0,1,0,0,0,0,0,0,0,0,0,0,0,0,0,0,1,0,"Ramsey Cascades Tr.",3953490,288399,35.7026227858309,-83.3388349007799,770,288383.5,3953514.5
"RMCD","RMCDLS04A3","A",3,0,4,0,0,0,0,0,0,0,0,0,0,0,0,0,0,0,0,0,0,0,2,0,0,0,0,0,0,0,0,0,1,0,0,0,0,1,0,"Ramsey Cascades Tr.",3953490,288399,35.7026227858309,-83.3388349007799,770,288374.5,3953505.5
"RMCD","RMCDLS04A4","A",4,0,0,0,0,0,0,0,0,0,0,0,0,1,0,0,0,0,0,0,0,0,5,0,0,0,0,0,0,0,0,0,2,0,0,0,0,1,0,"Ramsey Cascades Tr.",3953490,288399,35.7026227858309,-83.3388349007799,770,288383.5,3953505.5
"RMCD","RMCDLS04B1","B",1,0,5,0,0,11,0,0,0,0,0,0,0,2,0,0,0,0,0,0,0,0,2,0,0,0,0,0,0,0,0,0,0,0,0,0,0,1,0,"Ramsey Cascades Tr.",3953490,288399,35.7026227858309,-83.3388349007799,770,288414.5,3953514.5
"RMCD","RMCDLS04B2","B",2,1,6,0,0,16,0,0,0,0,0,0,0,25,0,0,0,0,0,6,0,0,5,0,0,0,0,0,0,0,0,0,4,0,0,0,0,2,0,"Ramsey Cascades Tr.",3953490,288399,35.7026227858309,-83.3388349007799,770,288423.5,3953514.5
"RMCD","RMCDLS04B3","B",3,0,1,0,0,23,0,0,0,0,0,0,0,16,0,0,0,0,0,0,0,0,3,0,0,0,0,0,0,0,0,0,0,0,0,0,0,3,0,"Ramsey Cascades Tr.",3953490,288399,35.7026227858309,-83.3388349007799,770,288414.5,3953505.5
"RMCD","RMCDLS04B4","B",4,0,4,0,0,0,0,0,0,0,0,0,0,7,0,0,0,0,0,0,0,0,2,0,0,0,1,0,0,0,0,0,0,0,0,0,0,0,0,"Ramsey Cascades Tr.",3953490,288399,35.7026227858309,-83.3388349007799,770,288423.5,3953505.5
"RMCD","RMCDLS04C1","C",1,0,2,0,0,0,0,0,0,0,0,0,0,0,0,0,1,0,0,1,0,0,9,0,0,0,0,0,0,0,0,0,2,0,0,0,0,1,0,"Ramsey Cascades Tr.",3953490,288399,35.7026227858309,-83.3388349007799,770,288374.5,3953474.5
"RMCD","RMCDLS04C2","C",2,0,3,0,0,0,0,0,0,0,0,0,0,8,0,0,0,0,0,3,0,0,8,0,0,0,0,0,0,0,0,0,3,0,0,0,0,1,0,"Ramsey Cascades Tr.",3953490,288399,35.7026227858309,-83.3388349007799,770,288383.5,3953474.5
"RMCD","RMCDLS04C3","C",3,0,5,0,0,0,0,0,0,0,0,0,0,1,0,0,0,0,0,6,0,0,0,0,0,0,0,0,0,0,0,0,1,0,0,0,0,2,0,"Ramsey Cascades Tr.",3953490,288399,35.7026227858309,-83.3388349007799,770,288374.5,3953465.5
"RMCD","RMCDLS04C4","C",4,0,5,0,0,1,0,0,0,0,0,0,0,4,0,0,0,0,0,4,0,0,0,0,0,0,0,0,0,0,0,0,2,0,0,0,0,1,0,"Ramsey Cascades Tr.",3953490,288399,35.7026227858309,-83.3388349007799,770,288383.5,3953465.5
"RMCD","RMCDLS04D1","D",1,0,7,0,0,0,0,0,0,0,0,0,0,1,0,0,0,0,0,1,0,0,2,0,0,0,0,0,0,0,0,0,1,0,0,0,0,1,0,"Ramsey Cascades Tr.",3953490,288399,35.7026227858309,-83.3388349007799,770,288414.5,3953474.5
"RMCD","RMCDLS04D2","D",2,0,11,0,0,0,1,0,0,0,0,0,0,0,0,0,0,0,0,1,0,0,6,0,0,0,0,0,0,0,0,0,8,0,0,0,0,0,0,"Ramsey Cascades Tr.",3953490,288399,35.7026227858309,-83.3388349007799,770,288423.5,3953474.5
"RMCD","RMCDLS04D3","D",3,0,19,0,0,0,0,0,0,0,0,0,0,3,0,0,1,0,0,1,0,0,13,0,0,0,0,0,0,0,0,0,2,0,0,0,0,0,0,"Ramsey Cascades Tr.",3953490,288399,35.7026227858309,-83.3388349007799,770,288414.5,3953465.5
"RMCD","RMCDLS04D4","D",4,0,2,0,0,3,0,0,0,0,0,0,0,0,0,0,0,0,0,0,0,0,14,0,0,0,0,0,0,0,0,0,0,0,0,0,0,0,0,"Ramsey Cascades Tr.",3953490,288399,35.7026227858309,-83.3388349007799,770,288423.5,3953465.5
"ROFR","ROFRLS06A1","A",1,1,0,0,0,0,0,0,0,0,0,0,0,0,0,0,11,0,0,0,0,0,0,0,0,0,0,0,0,0,0,0,0,0,0,0,0,0,0,"Roaring Fork",3951369,276813,35.6809545316714,-83.4662033466358,900,276788.5,3951393.5
"ROFR","ROFRLS06A2","A",2,0,0,0,0,0,0,0,0,0,0,0,0,0,0,0,8,0,0,0,0,0,0,0,0,0,0,0,0,0,0,0,0,0,0,0,0,0,0,"Roaring Fork",3951369,276813,35.6809545316714,-83.4662033466358,900,276797.5,3951393.5
"ROFR","ROFRLS06A3","A",3,0,2,0,0,0,0,0,0,0,0,0,0,0,0,0,6,0,0,0,0,0,0,0,0,0,0,0,0,0,0,0,0,0,0,0,0,0,0,"Roaring Fork",3951369,276813,35.6809545316714,-83.4662033466358,900,276788.5,3951384.5
"ROFR","ROFRLS06A4","A",4,0,2,0,0,0,0,0,0,0,0,0,0,4,0,0,8,0,0,0,0,0,0,0,0,0,0,0,0,0,0,0,0,0,0,0,0,0,0,"Roaring Fork",3951369,276813,35.6809545316714,-83.4662033466358,900,276797.5,3951384.5
"ROFR","ROFRLS06B1","B",1,0,0,0,0,0,0,0,0,0,0,0,0,1,0,0,16,0,0,0,0,0,0,0,0,0,0,0,0,0,0,0,0,0,0,0,0,0,0,"Roaring Fork",3951369,276813,35.6809545316714,-83.4662033466358,900,276828.5,3951393.5
"ROFR","ROFRLS06B2","B",2,0,2,0,0,0,0,0,0,0,0,0,0,0,0,0,6,0,0,0,0,0,0,0,0,0,0,0,0,0,0,0,0,0,0,0,0,0,0,"Roaring Fork",3951369,276813,35.6809545316714,-83.4662033466358,900,276837.5,3951393.5
"ROFR","ROFRLS06B3","B",3,0,2,0,0,0,0,0,0,0,0,0,0,0,0,0,7,0,0,0,0,0,0,0,0,0,0,0,0,0,0,0,0,0,0,0,0,0,0,"Roaring Fork",3951369,276813,35.6809545316714,-83.4662033466358,900,276828.5,3951384.5
"ROFR","ROFRLS06B4","B",4,0,13,0,0,0,0,0,0,0,0,0,0,0,0,0,12,0,0,0,0,0,0,0,0,0,0,0,0,0,0,0,0,0,0,0,0,0,0,"Roaring Fork",3951369,276813,35.6809545316714,-83.4662033466358,900,276837.5,3951384.5
"ROFR","ROFRLS06C1","C",1,0,0,0,0,0,0,0,0,0,0,0,0,0,0,0,5,0,0,0,0,0,0,0,0,0,0,0,0,0,0,0,0,0,0,0,0,0,0,"Roaring Fork",3951369,276813,35.6809545316714,-83.4662033466358,900,276788.5,3951353.5
"ROFR","ROFRLS06C2","C",2,0,1,0,0,0,0,0,0,0,0,0,0,0,0,0,10,0,0,0,0,0,0,0,0,0,0,0,0,0,0,0,0,0,0,0,0,0,0,"Roaring Fork",3951369,276813,35.6809545316714,-83.4662033466358,900,276797.5,3951353.5
"ROFR","ROFRLS06C3","C",3,0,5,0,0,0,0,0,0,0,0,0,0,0,0,0,1,0,0,0,0,0,0,0,0,0,0,0,0,0,0,0,0,1,0,0,0,0,0,"Roaring Fork",3951369,276813,35.6809545316714,-83.4662033466358,900,276788.5,3951344.5
"ROFR","ROFRLS06C4","C",4,0,0,0,0,0,0,0,0,0,0,0,0,0,0,0,5,0,0,0,0,0,0,0,0,0,0,0,0,0,0,0,0,0,0,0,0,0,0,"Roaring Fork",3951369,276813,35.6809545316714,-83.4662033466358,900,276797.5,3951344.5
"ROFR","ROFRLS06D1","D",1,0,6,0,0,0,0,0,0,0,0,0,0,0,0,0,22,0,0,0,0,0,0,0,0,0,0,0,0,0,0,0,0,0,0,0,0,0,0,"Roaring Fork",3951369,276813,35.6809545316714,-83.4662033466358,900,276828.5,3951353.5
"ROFR","ROFRLS06D2","D",2,0,1,0,0,0,0,0,0,0,0,0,0,0,0,0,7,0,0,0,0,0,0,0,0,0,0,0,0,0,0,0,0,0,1,0,0,0,0,"Roaring Fork",3951369,276813,35.6809545316714,-83.4662033466358,900,276837.5,3951353.5
"ROFR","ROFRLS06D3","D",3,0,3,0,0,0,0,0,0,0,0,0,0,0,0,0,1,0,0,0,0,0,0,0,0,0,0,0,0,0,0,0,0,0,0,0,0,0,0,"Roaring Fork",3951369,276813,35.6809545316714,-83.4662033466358,900,276828.5,3951344.5
"ROFR","ROFRLS06D4","D",4,0,3,0,0,0,0,0,0,0,0,0,0,0,0,0,3,0,0,0,0,0,0,0,0,0,0,0,0,0,0,0,0,0,0,0,0,0,0,"Roaring Fork",3951369,276813,35.6809545316714,-83.4662033466358,900,276837.5,3951344.5
"SNRG","SNRGLS04A1","A",1,0,0,0,0,0,0,0,0,0,0,0,0,0,0,0,1,0,0,0,0,0,0,0,0,0,0,0,0,0,0,0,0,0,0,0,0,0,0,"Snake Den Ridge",3957445,299228,35.7405267062379,-83.2202129905468,988,299203.5,3957469.5
"SNRG","SNRGLS04A2","A",2,0,1,0,0,0,0,0,0,0,0,0,0,0,0,0,1,0,0,0,0,0,0,0,0,0,0,0,0,0,0,0,0,0,0,0,0,0,0,"Snake Den Ridge",3957445,299228,35.7405267062379,-83.2202129905468,988,299212.5,3957469.5
"SNRG","SNRGLS04A3","A",3,0,1,0,0,0,0,0,0,0,0,0,0,0,0,0,1,0,0,0,0,0,0,0,0,0,0,0,0,0,1,0,0,0,0,0,0,0,0,"Snake Den Ridge",3957445,299228,35.7405267062379,-83.2202129905468,988,299203.5,3957460.5
"SNRG","SNRGLS04A4","A",4,0,0,0,0,0,0,0,0,0,0,0,0,0,0,0,0,0,0,0,0,0,0,0,0,0,0,0,0,0,0,0,1,0,0,0,0,0,0,"Snake Den Ridge",3957445,299228,35.7405267062379,-83.2202129905468,988,299212.5,3957460.5
"SNRG","SNRGLS04B1","B",1,0,0,0,0,0,0,0,0,0,0,0,0,2,0,0,1,0,0,0,0,0,0,0,0,0,0,0,0,0,3,0,0,0,0,0,0,0,0,"Snake Den Ridge",3957445,299228,35.7405267062379,-83.2202129905468,988,299243.5,3957469.5
"SNRG","SNRGLS04B2","B",2,0,1,0,0,0,0,0,0,0,0,0,0,0,0,0,1,0,0,0,0,0,0,0,0,0,0,0,0,0,0,0,0,0,0,0,0,0,0,"Snake Den Ridge",3957445,299228,35.7405267062379,-83.2202129905468,988,299252.5,3957469.5
"SNRG","SNRGLS04B3","B",3,0,0,0,0,0,0,0,0,0,0,0,0,1,0,0,0,0,0,0,0,0,0,0,0,0,0,0,0,0,0,0,0,0,0,0,0,0,0,"Snake Den Ridge",3957445,299228,35.7405267062379,-83.2202129905468,988,299243.5,3957460.5
"SNRG","SNRGLS04B4","B",4,0,0,0,0,0,0,0,0,0,0,0,0,0,0,0,0,0,0,0,0,0,0,0,0,0,0,0,0,0,1,0,0,0,0,0,0,0,0,"Snake Den Ridge",3957445,299228,35.7405267062379,-83.2202129905468,988,299252.5,3957460.5
"SNRG","SNRGLS04C1","C",1,0,0,0,0,0,0,0,0,0,0,0,0,0,0,0,1,0,0,0,0,0,0,0,0,0,0,0,0,0,0,0,0,0,0,0,0,0,0,"Snake Den Ridge",3957445,299228,35.7405267062379,-83.2202129905468,988,299203.5,3957429.5
"SNRG","SNRGLS04C2","C",2,0,3,0,0,0,0,0,0,0,0,0,0,0,0,0,1,0,0,0,0,0,0,0,0,0,0,0,0,0,1,2,0,0,0,0,0,0,0,"Snake Den Ridge",3957445,299228,35.7405267062379,-83.2202129905468,988,299212.5,3957429.5
"SNRG","SNRGLS04C3","C",3,0,4,0,0,0,0,0,0,0,0,0,0,0,0,0,0,0,0,0,0,0,0,0,0,0,0,0,0,0,4,0,0,0,0,0,0,0,0,"Snake Den Ridge",3957445,299228,35.7405267062379,-83.2202129905468,988,299203.5,3957420.5
"SNRG","SNRGLS04C4","C",4,0,0,0,0,0,0,0,0,0,0,0,0,0,0,0,0,0,0,0,0,0,0,0,0,0,0,0,0,0,0,0,0,0,0,0,0,0,0,"Snake Den Ridge",3957445,299228,35.7405267062379,-83.2202129905468,988,299212.5,3957420.5
"SNRG","SNRGLS04D1","D",1,0,2,0,0,0,0,0,0,0,0,0,0,0,0,0,1,0,0,0,0,0,0,0,0,0,0,0,0,0,2,0,0,0,1,0,0,0,0,"Snake Den Ridge",3957445,299228,35.7405267062379,-83.2202129905468,988,299243.5,3957429.5
"SNRG","SNRGLS04D2","D",2,1,8,0,0,0,0,0,0,0,0,0,0,0,0,0,2,0,0,0,0,0,0,0,0,0,0,0,0,0,2,0,5,0,0,0,0,0,0,"Snake Den Ridge",3957445,299228,35.7405267062379,-83.2202129905468,988,299252.5,3957429.5
"SNRG","SNRGLS04D3","D",3,0,7,0,0,0,0,0,0,0,0,0,0,0,0,0,0,0,0,0,0,0,0,0,0,0,0,0,0,0,0,0,1,0,0,0,0,0,0,"Snake Den Ridge",3957445,299228,35.7405267062379,-83.2202129905468,988,299243.5,3957420.5
"SNRG","SNRGLS04D4","D",4,0,2,0,0,0,0,0,0,0,0,0,0,0,0,0,0,0,0,0,0,0,0,0,0,0,0,0,0,0,0,0,0,0,0,0,0,0,0,"Snake Den Ridge",3957445,299228,35.7405267062379,-83.2202129905468,988,299252.5,3957420.5
"STGA","STGALS05A1","A",1,0,1,0,0,0,0,0,0,0,0,0,0,0,0,1,1,0,0,0,0,0,0,0,0,0,0,0,0,0,1,0,1,0,1,0,0,1,0,"Sterling Gap",3952511,309575,35.6981311460167,-83.104693052965,1231,309550.5,3952535.5
"STGA","STGALS05A2","A",2,0,1,0,0,0,0,0,0,0,0,0,0,1,0,0,1,0,0,0,0,0,0,0,0,0,0,0,0,0,8,0,0,0,0,0,0,1,0,"Sterling Gap",3952511,309575,35.6981311460167,-83.104693052965,1231,309559.5,3952535.5
"STGA","STGALS05A3","A",3,0,1,0,0,0,0,0,0,0,0,0,0,0,0,0,0,0,0,0,0,0,0,0,0,0,0,0,0,0,1,0,0,0,0,0,0,0,0,"Sterling Gap",3952511,309575,35.6981311460167,-83.104693052965,1231,309550.5,3952526.5
"STGA","STGALS05A4","A",4,0,1,0,0,0,0,0,0,0,0,0,0,1,0,0,0,0,0,0,0,0,0,0,0,0,0,0,0,0,1,0,0,0,1,10,0,1,0,"Sterling Gap",3952511,309575,35.6981311460167,-83.104693052965,1231,309559.5,3952526.5
"STGA","STGALS05B1","B",1,0,1,0,0,0,0,0,0,0,0,0,0,0,0,0,0,0,0,0,0,0,0,0,0,0,0,0,0,0,5,0,4,0,0,1,0,0,0,"Sterling Gap",3952511,309575,35.6981311460167,-83.104693052965,1231,309590.5,3952535.5
"STGA","STGALS05B2","B",2,0,1,0,0,0,0,0,0,0,0,0,0,1,0,0,0,0,0,0,0,0,0,0,0,0,0,0,0,0,0,0,0,0,0,3,0,0,0,"Sterling Gap",3952511,309575,35.6981311460167,-83.104693052965,1231,309599.5,3952535.5
"STGA","STGALS05B3","B",3,0,1,0,0,0,0,0,0,0,0,0,0,1,0,0,0,0,0,0,0,0,0,0,0,0,0,0,0,0,0,0,0,0,0,1,0,0,0,"Sterling Gap",3952511,309575,35.6981311460167,-83.104693052965,1231,309590.5,3952526.5
"STGA","STGALS05B4","B",4,0,1,0,0,0,0,0,0,0,0,0,0,1,0,0,0,0,0,0,0,0,0,0,0,0,0,0,0,0,0,0,1,0,0,1,0,1,0,"Sterling Gap",3952511,309575,35.6981311460167,-83.104693052965,1231,309599.5,3952526.5
"STGA","STGALS05C1","C",1,0,1,0,0,0,0,0,0,0,0,0,0,0,0,0,1,0,0,0,0,0,0,0,0,0,0,0,0,0,0,0,1,0,0,0,0,0,0,"Sterling Gap",3952511,309575,35.6981311460167,-83.104693052965,1231,309550.5,3952495.5
"STGA","STGALS05C2","C",2,0,1,0,0,0,0,0,0,0,0,0,0,0,0,0,0,0,0,0,0,0,0,0,0,0,0,0,0,0,0,0,0,0,0,3,0,1,0,"Sterling Gap",3952511,309575,35.6981311460167,-83.104693052965,1231,309559.5,3952495.5
"STGA","STGALS05C3","C",3,0,1,0,0,0,0,0,0,0,0,0,0,0,0,0,1,0,0,0,0,0,0,0,0,0,0,0,0,0,0,0,4,0,1,0,0,0,0,"Sterling Gap",3952511,309575,35.6981311460167,-83.104693052965,1231,309550.5,3952486.5
"STGA","STGALS05C4","C",4,1,1,0,0,0,0,0,0,0,0,0,0,0,0,0,1,0,0,0,0,0,0,0,0,0,0,0,0,0,0,0,2,0,0,3,0,1,0,"Sterling Gap",3952511,309575,35.6981311460167,-83.104693052965,1231,309559.5,3952486.5
"STGA","STGALS05D1","D",1,0,1,0,0,0,0,0,0,0,0,0,0,0,0,0,1,0,0,0,0,0,0,0,0,0,0,0,0,0,0,0,0,0,0,10,0,1,0,"Sterling Gap",3952511,309575,35.6981311460167,-83.104693052965,1231,309590.5,3952495.5
"STGA","STGALS05D2","D",2,0,1,0,0,0,0,0,0,0,0,0,0,0,0,0,0,0,0,0,0,0,0,0,0,0,0,0,0,0,1,0,3,0,0,0,0,0,0,"Sterling Gap",3952511,309575,35.6981311460167,-83.104693052965,1231,309599.5,3952495.5
"STGA","STGALS05D3","D",3,0,1,0,0,0,0,0,0,0,0,0,0,0,0,0,1,0,0,0,0,0,0,0,0,0,0,0,0,0,0,0,5,0,0,0,0,1,0,"Sterling Gap",3952511,309575,35.6981311460167,-83.104693052965,1231,309590.5,3952486.5
"STGA","STGALS05D4","D",4,0,1,0,0,0,0,0,0,0,0,0,0,0,0,0,0,0,0,0,0,0,0,0,0,0,0,0,0,0,0,0,4,0,0,0,0,0,0,"Sterling Gap",3952511,309575,35.6981311460167,-83.104693052965,1231,309599.5,3952486.5
"THDI","THDILS06A1","A",1,0,0,0,0,0,0,0,0,0,0,0,0,0,0,0,0,0,0,0,0,0,0,0,0,0,0,0,0,0,0,0,0,0,1,0,0,0,0,"Thomas Divide",3940048,282894,35.5803294709776,-83.3960150575354,1300,282869.5,3940072.5
"THDI","THDILS06A2","A",2,0,2,0,0,0,0,0,0,0,0,0,0,0,0,0,0,0,0,0,0,0,0,0,0,0,0,0,0,0,0,0,0,0,0,0,0,0,0,"Thomas Divide",3940048,282894,35.5803294709776,-83.3960150575354,1300,282878.5,3940072.5
"THDI","THDILS06A3","A",3,0,0,0,0,0,0,0,0,0,0,0,0,0,0,0,0,0,0,0,0,0,0,0,0,1,0,0,0,0,0,0,0,0,0,0,0,0,0,"Thomas Divide",3940048,282894,35.5803294709776,-83.3960150575354,1300,282869.5,3940063.5
"THDI","THDILS06A4","A",4,1,0,0,0,0,0,0,0,0,0,0,0,0,0,0,0,0,0,0,0,0,0,0,0,0,0,0,0,0,0,0,0,0,0,0,0,0,0,"Thomas Divide",3940048,282894,35.5803294709776,-83.3960150575354,1300,282878.5,3940063.5
"THDI","THDILS06B1","B",1,0,0,0,0,0,0,0,0,0,0,0,0,0,0,0,0,0,0,0,0,0,0,0,0,0,0,0,0,0,0,0,0,0,0,0,0,0,0,"Thomas Divide",3940048,282894,35.5803294709776,-83.3960150575354,1300,282909.5,3940072.5
"THDI","THDILS06B2","B",2,0,2,0,0,0,0,0,0,0,0,0,0,0,0,0,0,0,0,0,0,0,0,0,0,0,0,0,0,0,0,0,0,0,0,0,0,0,0,"Thomas Divide",3940048,282894,35.5803294709776,-83.3960150575354,1300,282918.5,3940072.5
"THDI","THDILS06B3","B",3,1,1,0,0,0,0,0,0,0,0,0,0,0,0,0,0,0,0,0,0,0,0,0,0,0,0,0,0,0,0,0,0,0,2,0,0,0,0,"Thomas Divide",3940048,282894,35.5803294709776,-83.3960150575354,1300,282909.5,3940063.5
"THDI","THDILS06B4","B",4,0,0,0,0,0,0,0,0,0,0,0,0,0,0,0,0,0,0,0,0,0,0,0,0,1,0,0,0,0,0,0,0,0,2,0,0,0,0,"Thomas Divide",3940048,282894,35.5803294709776,-83.3960150575354,1300,282918.5,3940063.5
"THDI","THDILS06C1","C",1,0,0,0,0,0,0,0,0,0,0,0,0,0,0,0,0,0,0,0,0,0,0,0,0,0,0,0,0,0,0,0,0,0,3,0,0,0,0,"Thomas Divide",3940048,282894,35.5803294709776,-83.3960150575354,1300,282869.5,3940032.5
"THDI","THDILS06C2","C",2,0,0,0,0,0,0,0,0,0,0,0,0,0,0,0,0,0,0,0,0,0,0,0,0,0,0,0,0,0,0,0,0,0,0,0,0,0,0,"Thomas Divide",3940048,282894,35.5803294709776,-83.3960150575354,1300,282878.5,3940032.5
"THDI","THDILS06C3","C",3,0,1,0,0,0,0,0,0,0,0,0,0,0,0,0,2,0,0,0,0,0,0,0,0,0,0,0,0,0,0,0,0,0,5,0,0,0,0,"Thomas Divide",3940048,282894,35.5803294709776,-83.3960150575354,1300,282869.5,3940023.5
"THDI","THDILS06C4","C",4,0,0,0,0,0,0,0,0,0,0,0,0,0,0,0,0,0,0,0,0,1,0,0,0,0,0,0,0,0,0,0,0,0,1,0,0,0,0,"Thomas Divide",3940048,282894,35.5803294709776,-83.3960150575354,1300,282878.5,3940023.5
"THDI","THDILS06D1","D",1,0,1,0,0,0,0,0,0,0,0,0,0,0,0,0,0,0,0,0,0,0,0,0,0,0,0,0,0,0,0,0,0,0,0,0,0,0,0,"Thomas Divide",3940048,282894,35.5803294709776,-83.3960150575354,1300,282909.5,3940032.5
"THDI","THDILS06D2","D",2,0,1,0,0,0,0,0,0,0,0,0,0,0,0,0,0,0,0,0,0,0,0,0,0,0,0,0,0,0,0,0,0,0,2,0,0,0,0,"Thomas Divide",3940048,282894,35.5803294709776,-83.3960150575354,1300,282918.5,3940032.5
"THDI","THDILS06D3","D",3,0,2,0,0,0,0,0,0,0,0,0,0,0,0,0,0,0,0,0,0,0,1,0,0,0,0,0,0,0,0,0,0,0,1,0,0,0,0,"Thomas Divide",3940048,282894,35.5803294709776,-83.3960150575354,1300,282909.5,3940023.5
"THDI","THDILS06D4","D",4,0,0,0,0,0,0,0,0,0,0,0,0,0,0,0,0,0,0,0,0,0,0,0,0,0,0,0,0,0,0,0,0,3,1,0,0,0,0,"Thomas Divide",3940048,282894,35.5803294709776,-83.3960150575354,1300,282918.5,3940023.5
"TLGP","TLGPLS04A1","A",1,0,0,0,0,0,0,0,0,0,0,0,0,0,0,0,0,0,0,0,0,0,0,0,0,0,0,0,0,0,12,0,0,0,0,0,0,0,0,"Trillium Gap",3950378,279670,35.6726714477826,-83.4343880504183,1419,279645.5,3950402.5
"TLGP","TLGPLS04A2","A",2,0,0,0,0,0,0,0,0,0,0,0,0,0,0,0,0,0,0,0,0,0,0,0,0,0,0,0,0,0,2,0,0,0,0,0,0,0,0,"Trillium Gap",3950378,279670,35.6726714477826,-83.4343880504183,1419,279654.5,3950402.5
"TLGP","TLGPLS04A3","A",3,0,0,0,0,0,0,0,0,0,0,0,0,0,0,0,0,0,0,0,0,0,0,0,0,0,0,0,0,0,0,0,0,0,0,0,0,0,0,"Trillium Gap",3950378,279670,35.6726714477826,-83.4343880504183,1419,279645.5,3950393.5
"TLGP","TLGPLS04A4","A",4,0,0,0,0,0,0,0,0,0,0,0,0,0,0,0,0,0,0,0,0,0,0,0,0,0,0,0,0,0,0,0,0,0,0,0,0,0,0,"Trillium Gap",3950378,279670,35.6726714477826,-83.4343880504183,1419,279654.5,3950393.5
"TLGP","TLGPLS04B1","B",1,0,0,0,0,0,0,0,0,0,0,0,0,0,0,0,0,0,0,0,0,0,0,0,0,0,0,0,0,0,6,0,0,0,0,0,0,0,0,"Trillium Gap",3950378,279670,35.6726714477826,-83.4343880504183,1419,279685.5,3950402.5
"TLGP","TLGPLS04B2","B",2,0,0,0,0,0,0,0,0,0,0,0,0,0,0,0,0,0,0,0,0,0,0,0,0,0,0,0,0,0,6,0,0,0,0,0,0,0,0,"Trillium Gap",3950378,279670,35.6726714477826,-83.4343880504183,1419,279694.5,3950402.5
"TLGP","TLGPLS04B3","B",3,0,0,0,0,0,0,0,0,0,0,0,0,0,0,0,0,0,0,0,0,0,0,0,0,0,0,0,0,0,7,0,0,0,0,0,0,0,0,"Trillium Gap",3950378,279670,35.6726714477826,-83.4343880504183,1419,279685.5,3950393.5
"TLGP","TLGPLS04B4","B",4,0,0,0,0,0,0,0,0,0,0,0,0,0,0,0,0,0,0,0,0,0,0,0,0,0,0,0,0,0,1,0,0,0,0,0,0,0,0,"Trillium Gap",3950378,279670,35.6726714477826,-83.4343880504183,1419,279694.5,3950393.5
"TLGP","TLGPLS04C1","C",1,0,2,0,0,0,0,0,0,0,0,0,0,0,0,0,0,0,0,0,0,0,0,0,0,0,0,0,0,0,0,0,0,0,1,0,0,0,0,"Trillium Gap",3950378,279670,35.6726714477826,-83.4343880504183,1419,279645.5,3950362.5
"TLGP","TLGPLS04C2","C",2,0,0,0,0,0,0,0,0,0,0,0,0,0,0,0,0,0,0,0,0,0,0,0,0,0,0,0,0,0,2,0,0,0,0,0,0,0,0,"Trillium Gap",3950378,279670,35.6726714477826,-83.4343880504183,1419,279654.5,3950362.5
"TLGP","TLGPLS04C3","C",3,0,0,0,0,0,0,0,0,0,0,0,0,0,0,0,0,0,0,0,0,0,0,0,0,0,0,0,0,0,0,0,0,0,0,0,0,0,0,"Trillium Gap",3950378,279670,35.6726714477826,-83.4343880504183,1419,279645.5,3950353.5
"TLGP","TLGPLS04C4","C",4,0,0,0,0,0,0,0,0,0,0,0,0,0,0,0,0,0,0,0,0,0,0,0,0,0,0,0,0,0,1,0,0,0,0,0,0,0,0,"Trillium Gap",3950378,279670,35.6726714477826,-83.4343880504183,1419,279654.5,3950353.5
"TLGP","TLGPLS04D1","D",1,0,0,0,0,0,0,0,0,0,0,0,0,0,0,0,0,0,0,0,0,0,0,0,0,0,0,0,0,0,9,0,0,0,0,0,0,0,0,"Trillium Gap",3950378,279670,35.6726714477826,-83.4343880504183,1419,279685.5,3950362.5
"TLGP","TLGPLS04D2","D",2,0,0,0,0,0,0,0,0,0,0,0,0,0,0,0,0,0,0,0,0,0,0,0,0,0,0,0,0,0,3,0,0,0,0,0,0,0,0,"Trillium Gap",3950378,279670,35.6726714477826,-83.4343880504183,1419,279694.5,3950362.5
"TLGP","TLGPLS04D3","D",3,0,0,0,0,0,0,0,0,0,0,0,0,0,0,0,0,0,0,0,0,0,0,0,0,0,0,0,0,0,0,0,0,0,0,0,0,0,0,"Trillium Gap",3950378,279670,35.6726714477826,-83.4343880504183,1419,279685.5,3950353.5
"TLGP","TLGPLS04D4","D",4,0,0,0,0,0,0,0,0,0,0,0,0,0,0,0,0,0,0,0,0,0,0,0,0,0,0,0,0,0,7,0,0,0,0,0,0,0,0,"Trillium Gap",3950378,279670,35.6726714477826,-83.4343880504183,1419,279694.5,3950353.5
"TRMT","TRMTLS04A1","A",1,0,0,4,0,9,0,0,0,0,0,0,0,40,0,0,0,0,0,0,0,11,4,0,0,0,1,0,1,0,0,0,0,0,0,0,0,0,1,"Tremont",3947318,255900,35.6395013833919,-83.6958439670553,462,255875.5,3947342.5
"TRMT","TRMTLS04A2","A",2,0,0,2,0,2,0,0,1,1,0,0,0,3,0,0,0,0,0,0,0,12,25,0,0,0,2,0,0,0,0,0,0,0,0,0,0,0,1,"Tremont",3947318,255900,35.6395013833919,-83.6958439670553,462,255884.5,3947342.5
"TRMT","TRMTLS04A3","A",3,0,0,5,0,1,0,0,0,0,0,0,0,16,0,0,4,0,0,0,0,8,11,0,0,0,7,0,0,0,0,0,0,0,0,0,0,0,1,"Tremont",3947318,255900,35.6395013833919,-83.6958439670553,462,255875.5,3947333.5
"TRMT","TRMTLS04A4","A",4,0,0,3,0,2,0,0,0,0,0,0,0,1,0,0,2,0,0,0,0,3,1,0,0,0,2,0,0,0,0,0,0,0,0,0,0,0,2,"Tremont",3947318,255900,35.6395013833919,-83.6958439670553,462,255884.5,3947333.5
"TRMT","TRMTLS04B1","B",1,0,0,12,0,26,0,0,1,0,0,0,0,4,0,0,3,0,0,0,0,104,30,1,1,1,0,0,2,0,0,0,0,0,0,0,0,0,2,"Tremont",3947318,255900,35.6395013833919,-83.6958439670553,462,255915.5,3947342.5
"TRMT","TRMTLS04B4","B",2,0,0,3,0,1,0,0,0,1,0,0,0,0,0,0,2,0,0,1,0,41,8,0,0,0,0,0,7,0,0,0,0,0,0,0,0,3,0,"Tremont",3947318,255900,35.6395013833919,-83.6958439670553,462,255924.5,3947342.5
"TRMT","TRMTLS04B2","B",3,2,34,0,0,5,0,0,1,0,0,0,0,0,0,0,3,0,0,0,0,34,1,0,0,1,0,0,0,0,0,0,0,0,0,0,0,0,0,"Tremont",3947318,255900,35.6395013833919,-83.6958439670553,462,255915.5,3947333.5
"TRMT","TRMTLS04B3","B",4,0,0,5,0,40,0,0,0,0,0,0,0,0,0,0,0,0,1,0,0,36,13,0,0,6,0,0,6,0,0,0,0,0,0,0,0,0,4,"Tremont",3947318,255900,35.6395013833919,-83.6958439670553,462,255924.5,3947333.5
"TRMT","TRMTLS04C1","C",1,1,18,0,0,3,0,0,0,0,0,0,0,0,0,0,1,0,0,0,0,6,29,0,1,0,0,0,0,0,0,0,0,0,0,0,0,0,2,"Tremont",3947318,255900,35.6395013833919,-83.6958439670553,462,255875.5,3947302.5
"TRMT","TRMTLS04C2","C",2,0,0,12,0,0,0,0,0,0,0,0,0,0,0,0,0,0,0,0,0,0,18,0,0,0,0,0,0,0,0,0,0,0,0,0,0,0,0,"Tremont",3947318,255900,35.6395013833919,-83.6958439670553,462,255884.5,3947302.5
"TRMT","TRMTLS04C3","C",3,0,0,5,0,10,0,0,0,0,0,0,0,0,0,0,1,0,0,0,0,0,0,0,1,0,0,0,0,0,0,0,0,0,0,0,0,0,2,"Tremont",3947318,255900,35.6395013833919,-83.6958439670553,462,255875.5,3947293.5
"TRMT","TRMTLS04C4","C",4,0,19,1,0,4,0,0,0,0,0,0,0,0,0,0,0,0,0,0,0,0,1,0,1,0,0,0,0,0,0,0,0,0,0,0,0,0,0,"Tremont",3947318,255900,35.6395013833919,-83.6958439670553,462,255884.5,3947293.5
"TRMT","TRMTLS04D1","D",1,0,0,7,0,17,0,0,0,0,0,0,0,0,0,0,0,0,0,1,0,0,8,0,0,1,0,0,1,0,0,0,0,0,0,0,0,0,0,"Tremont",3947318,255900,35.6395013833919,-83.6958439670553,462,255915.5,3947302.5
"TRMT","TRMTLS04D2","D",2,0,0,4,0,30,0,0,0,0,0,0,0,0,0,0,0,0,0,0,0,0,45,0,1,0,0,0,0,0,0,0,0,0,0,0,0,0,0,"Tremont",3947318,255900,35.6395013833919,-83.6958439670553,462,255924.5,3947302.5
"TRMT","TRMTLS04D3","D",3,0,0,9,0,49,0,0,0,0,0,0,0,0,0,0,2,0,0,0,0,0,6,0,0,0,0,0,0,0,0,0,0,0,0,0,0,0,0,"Tremont",3947318,255900,35.6395013833919,-83.6958439670553,462,255915.5,3947293.5
"TRMT","TRMTLS04D4","D",4,0,0,23,0,9,0,0,0,0,0,0,0,0,0,0,2,0,0,0,0,0,60,0,0,0,0,0,0,0,0,0,0,0,0,0,0,0,0,"Tremont",3947318,255900,35.6395013833919,-83.6958439670553,462,255924.5,3947293.5
"TRPA","TRPALS06A1","A",1,0,0,0,0,0,0,0,0,0,0,0,0,0,0,0,0,0,0,0,0,0,0,0,0,0,0,0,0,0,0,0,0,0,1,0,0,0,0,"Trillium Patch",3942668,278092,35.6028636056296,-83.4496871752129,1658,278067.5,3942692.5
"TRPA","TRPALS06A2","A",2,0,0,0,0,0,0,0,0,0,0,0,0,0,0,0,0,0,0,0,0,0,0,0,0,0,0,0,0,0,0,0,0,0,0,0,0,0,0,"Trillium Patch",3942668,278092,35.6028636056296,-83.4496871752129,1658,278076.5,3942692.5
"TRPA","TRPALS06A3","A",3,0,0,0,0,0,0,0,0,0,0,0,0,0,0,0,0,0,0,0,0,0,0,0,0,0,0,0,0,0,0,0,0,0,1,0,0,0,0,"Trillium Patch",3942668,278092,35.6028636056296,-83.4496871752129,1658,278067.5,3942683.5
"TRPA","TRPALS06A4","A",4,0,0,0,0,0,0,0,0,0,0,0,0,0,0,0,0,0,0,0,0,0,0,0,0,0,0,0,0,0,0,0,0,0,6,0,0,0,0,"Trillium Patch",3942668,278092,35.6028636056296,-83.4496871752129,1658,278076.5,3942683.5
"TRPA","TRPALS06B1","B",1,0,0,0,0,0,0,0,0,0,0,0,0,0,0,0,0,0,0,0,0,0,0,0,0,0,0,0,0,0,0,0,0,0,2,0,0,0,0,"Trillium Patch",3942668,278092,35.6028636056296,-83.4496871752129,1658,278107.5,3942692.5
"TRPA","TRPALS06B2","B",2,0,0,0,0,0,0,0,0,0,0,0,0,0,0,0,0,0,0,0,0,0,0,0,0,0,0,0,0,0,0,0,0,0,0,0,0,0,0,"Trillium Patch",3942668,278092,35.6028636056296,-83.4496871752129,1658,278116.5,3942692.5
"TRPA","TRPALS06B3","B",3,0,0,0,0,0,0,0,0,0,0,0,0,0,0,0,0,0,0,0,0,0,0,0,0,0,0,0,0,0,0,0,0,0,0,0,0,0,0,"Trillium Patch",3942668,278092,35.6028636056296,-83.4496871752129,1658,278107.5,3942683.5
"TRPA","TRPALS06B4","B",4,0,0,0,0,0,0,0,0,0,0,0,0,0,0,0,0,0,0,0,0,0,0,0,0,0,0,0,0,0,0,0,0,0,0,0,0,0,0,"Trillium Patch",3942668,278092,35.6028636056296,-83.4496871752129,1658,278116.5,3942683.5
"TRPA","TRPALS06C1","C",1,0,0,0,0,0,0,0,0,0,0,0,0,0,0,0,0,0,0,0,0,0,0,0,0,0,0,0,0,0,0,0,0,0,0,0,0,0,0,"Trillium Patch",3942668,278092,35.6028636056296,-83.4496871752129,1658,278067.5,3942652.5
"TRPA","TRPALS06C2","C",2,0,0,0,0,0,0,0,0,0,0,0,0,0,0,0,0,0,0,0,0,0,0,0,0,0,0,0,0,0,0,0,0,0,1,0,0,0,0,"Trillium Patch",3942668,278092,35.6028636056296,-83.4496871752129,1658,278076.5,3942652.5
"TRPA","TRPALS06C3","C",3,0,0,0,0,0,0,0,0,0,0,0,0,0,0,0,0,0,0,0,0,0,0,0,0,0,0,0,0,0,0,0,0,0,0,0,0,0,0,"Trillium Patch",3942668,278092,35.6028636056296,-83.4496871752129,1658,278067.5,3942643.5
"TRPA","TRPALS06C4","C",4,0,0,0,0,0,0,0,0,0,0,0,0,0,0,0,0,0,0,0,0,0,0,0,0,0,0,0,0,0,0,0,0,0,1,0,0,0,0,"Trillium Patch",3942668,278092,35.6028636056296,-83.4496871752129,1658,278076.5,3942643.5
"TRPA","TRPALS06D1","D",1,0,0,0,0,0,0,0,0,0,0,0,0,0,0,0,0,0,0,0,0,0,0,0,0,0,0,0,0,0,0,0,0,0,0,0,0,0,0,"Trillium Patch",3942668,278092,35.6028636056296,-83.4496871752129,1658,278107.5,3942652.5
"TRPA","TRPALS06D2","D",2,0,0,0,0,0,0,0,0,0,0,0,0,0,0,0,0,0,0,0,0,0,0,0,0,0,0,0,0,0,0,0,0,0,3,0,0,0,0,"Trillium Patch",3942668,278092,35.6028636056296,-83.4496871752129,1658,278116.5,3942652.5
"TRPA","TRPALS06D3","D",3,0,0,0,0,0,0,0,0,0,0,0,0,0,0,0,0,0,0,0,0,0,0,0,0,0,0,0,0,0,0,0,0,0,0,0,0,0,0,"Trillium Patch",3942668,278092,35.6028636056296,-83.4496871752129,1658,278107.5,3942643.5
"TRPA","TRPALS06D4","D",4,0,0,0,0,0,0,0,0,0,0,0,0,0,0,0,0,0,0,0,0,0,0,0,0,0,0,0,0,0,0,0,0,0,0,0,0,0,0,"Trillium Patch",3942668,278092,35.6028636056296,-83.4496871752129,1658,278116.5,3942643.5
"TRRI","TRRILS06A1","A",1,0,2,0,0,0,0,0,0,0,0,0,0,0,0,0,0,0,0,0,0,0,3,0,0,0,0,0,0,0,0,0,0,0,0,0,0,0,0,"Tremont River",3948323,255921,35.6485580697383,-83.6959165367474,388,255896.5,3948347.5
"TRRI","TRRILS06A2","A",2,0,1,0,0,0,0,0,0,0,0,0,0,1,0,0,1,0,0,0,0,102,7,0,0,0,0,0,0,0,0,0,0,0,0,0,0,0,0,"Tremont River",3948323,255921,35.6485580697383,-83.6959165367474,388,255905.5,3948347.5
"TRRI","TRRILS06A3","A",3,0,0,0,0,0,0,0,0,0,0,0,0,1,0,0,0,0,0,0,0,1,0,0,0,0,0,0,0,0,0,0,0,0,0,0,0,0,0,"Tremont River",3948323,255921,35.6485580697383,-83.6959165367474,388,255896.5,3948338.5
"TRRI","TRRILS06A4","A",4,0,2,0,0,0,0,0,0,0,0,0,0,0,0,0,0,0,0,0,0,0,3,0,0,3,0,0,0,0,0,0,0,0,0,0,0,1,0,"Tremont River",3948323,255921,35.6485580697383,-83.6959165367474,388,255905.5,3948338.5
"TRRI","TRRILS06B1","B",1,0,2,0,0,0,0,0,0,0,0,0,0,0,0,0,0,0,0,3,0,1,0,0,0,0,0,0,0,0,0,0,0,0,0,0,0,0,0,"Tremont River",3948323,255921,35.6485580697383,-83.6959165367474,388,255936.5,3948347.5
"TRRI","TRRILS06B2","B",2,0,3,0,0,0,0,0,0,0,0,0,0,0,0,0,0,0,0,0,0,21,3,0,0,0,0,0,0,0,0,0,0,0,0,0,0,0,0,"Tremont River",3948323,255921,35.6485580697383,-83.6959165367474,388,255945.5,3948347.5
"TRRI","TRRILS06B3","B",3,0,1,0,0,0,0,0,0,0,0,0,0,0,0,0,0,0,0,0,0,0,0,0,0,0,0,0,0,0,0,0,0,0,0,0,0,0,0,"Tremont River",3948323,255921,35.6485580697383,-83.6959165367474,388,255936.5,3948338.5
"TRRI","TRRILS06B4","B",4,0,3,0,0,0,0,0,0,0,0,0,0,0,0,0,0,0,0,0,0,3,0,0,0,1,0,0,0,0,0,0,0,0,0,0,0,2,0,"Tremont River",3948323,255921,35.6485580697383,-83.6959165367474,388,255945.5,3948338.5
"TRRI","TRRILS06C1","C",1,0,2,0,0,0,0,0,0,0,0,0,0,0,0,0,0,0,0,0,0,24,0,0,0,0,0,0,0,0,0,0,0,0,0,0,0,0,0,"Tremont River",3948323,255921,35.6485580697383,-83.6959165367474,388,255896.5,3948307.5
"TRRI","TRRILS06C2","C",2,0,2,0,0,0,0,0,0,0,0,0,0,0,0,0,0,0,0,1,0,0,4,0,0,0,0,0,0,0,0,0,0,0,0,0,0,0,0,"Tremont River",3948323,255921,35.6485580697383,-83.6959165367474,388,255905.5,3948307.5
"TRRI","TRRILS06C3","C",3,0,2,0,0,0,0,0,0,0,0,0,0,3,0,0,0,0,0,0,0,0,0,0,0,0,0,0,0,0,0,0,0,0,0,0,0,0,0,"Tremont River",3948323,255921,35.6485580697383,-83.6959165367474,388,255896.5,3948298.5
"TRRI","TRRILS06C4","C",4,0,0,0,0,0,0,0,0,0,0,0,0,0,0,0,0,0,0,1,0,0,2,0,0,14,0,0,0,0,0,0,0,0,0,0,0,1,0,"Tremont River",3948323,255921,35.6485580697383,-83.6959165367474,388,255905.5,3948298.5
"TRRI","TRRILS06D1","D",1,0,3,0,0,0,0,0,0,0,0,0,0,0,0,0,0,0,0,0,0,0,13,0,0,1,0,0,0,0,0,0,0,0,0,0,0,0,0,"Tremont River",3948323,255921,35.6485580697383,-83.6959165367474,388,255936.5,3948307.5
"TRRI","TRRILS06D2","D",2,0,2,0,0,0,0,0,0,0,0,0,0,0,0,0,0,0,0,0,0,1,7,0,0,0,0,0,0,0,0,0,0,0,0,0,0,0,0,"Tremont River",3948323,255921,35.6485580697383,-83.6959165367474,388,255945.5,3948307.5
"TRRI","TRRILS06D3","D",3,0,4,0,0,0,0,0,0,0,0,0,0,0,0,0,4,0,0,0,0,0,1,0,0,1,0,0,0,0,0,0,0,0,0,0,0,0,0,"Tremont River",3948323,255921,35.6485580697383,-83.6959165367474,388,255936.5,3948298.5
"TRRI","TRRILS06D4","D",4,0,2,0,0,0,0,0,0,0,0,0,0,0,0,0,1,0,0,0,0,0,0,0,0,1,0,0,0,0,0,0,0,0,0,0,0,1,0,"Tremont River",3948323,255921,35.6485580697383,-83.6959165367474,388,255945.5,3948298.5
"TWCR","TWCRLS05A1","A",1,0,1,0,0,0,0,0,0,0,0,0,0,0,0,0,1,0,0,0,0,0,1,0,0,0,0,0,1,0,0,0,0,0,0,0,0,0,0,"Twin Creeks",3951806,273821,35.6842074931241,-83.4993596335041,719,273796.5,3951830.5
"TWCR","TWCRLS05A2","A",2,1,1,0,0,0,0,0,0,0,0,0,0,0,0,0,1,0,0,0,0,0,1,0,0,0,0,0,4,0,0,0,0,0,0,0,0,1,0,"Twin Creeks",3951806,273821,35.6842074931241,-83.4993596335041,719,273805.5,3951830.5
"TWCR","TWCRLS05A3","A",3,0,1,0,0,0,0,0,0,0,0,0,0,0,0,0,0,0,0,0,0,0,1,0,0,0,0,0,0,0,0,0,0,0,0,0,0,0,0,"Twin Creeks",3951806,273821,35.6842074931241,-83.4993596335041,719,273796.5,3951821.5
"TWCR","TWCRLS05A4","A",4,1,1,0,0,0,0,0,0,0,1,0,0,1,0,0,1,0,0,0,0,0,1,0,0,0,0,0,1,0,0,0,0,0,0,0,0,0,0,"Twin Creeks",3951806,273821,35.6842074931241,-83.4993596335041,719,273805.5,3951821.5
"TWCR","TWCRLS05B1","B",1,0,1,0,0,0,0,0,0,0,0,0,0,0,0,0,1,0,0,0,0,0,1,0,0,0,0,0,0,0,0,0,0,0,0,0,0,0,0,"Twin Creeks",3951806,273821,35.6842074931241,-83.4993596335041,719,273836.5,3951830.5
"TWCR","TWCRLS05B2","B",2,0,1,0,0,0,0,0,0,0,0,0,0,0,0,0,1,0,0,0,0,0,1,0,0,0,1,0,0,0,0,0,0,0,0,0,0,0,0,"Twin Creeks",3951806,273821,35.6842074931241,-83.4993596335041,719,273845.5,3951830.5
"TWCR","TWCRLS05B3","B",3,0,1,0,0,0,0,0,0,0,0,0,0,0,0,0,1,0,0,0,0,0,1,0,0,0,0,0,0,0,0,0,6,0,0,0,0,0,0,"Twin Creeks",3951806,273821,35.6842074931241,-83.4993596335041,719,273836.5,3951821.5
"TWCR","TWCRLS05B4","B",4,0,1,0,0,0,0,0,0,0,0,0,0,1,0,0,1,0,0,0,0,0,1,0,0,0,0,0,0,0,0,0,0,0,0,0,0,0,0,"Twin Creeks",3951806,273821,35.6842074931241,-83.4993596335041,719,273845.5,3951821.5
"TWCR","TWCRLS05C1","C",1,0,1,0,0,0,0,0,0,0,0,0,0,1,0,0,1,0,0,0,0,0,1,0,0,0,0,0,3,0,0,0,5,0,0,0,0,1,0,"Twin Creeks",3951806,273821,35.6842074931241,-83.4993596335041,719,273796.5,3951790.5
"TWCR","TWCRLS05C2","C",2,1,1,0,0,0,0,0,0,0,0,0,0,0,0,0,1,0,0,0,0,0,1,0,0,0,0,0,0,0,0,0,0,0,0,0,0,1,0,"Twin Creeks",3951806,273821,35.6842074931241,-83.4993596335041,719,273805.5,3951790.5
"TWCR","TWCRLS05C3","C",3,1,1,0,1,0,0,0,0,0,0,0,0,0,0,0,1,0,0,0,0,0,1,0,0,0,0,0,3,0,0,0,0,0,0,0,0,0,0,"Twin Creeks",3951806,273821,35.6842074931241,-83.4993596335041,719,273796.5,3951781.5
"TWCR","TWCRLS05C4","C",4,0,1,0,0,0,1,0,0,0,0,0,0,0,0,0,1,0,0,0,0,0,1,0,0,0,0,0,1,0,0,0,0,0,0,0,0,0,0,"Twin Creeks",3951806,273821,35.6842074931241,-83.4993596335041,719,273805.5,3951781.5
"TWCR","TWCRLS05D1","D",1,0,1,0,0,0,0,0,0,0,0,0,0,1,0,0,0,0,0,0,0,0,1,0,0,0,0,0,0,0,0,0,0,0,0,0,0,0,0,"Twin Creeks",3951806,273821,35.6842074931241,-83.4993596335041,719,273836.5,3951790.5
"TWCR","TWCRLS05D2","D",2,0,1,0,0,0,0,0,0,0,0,0,0,1,0,0,1,0,0,0,0,0,1,0,0,0,7,0,0,0,0,0,0,0,0,0,0,0,0,"Twin Creeks",3951806,273821,35.6842074931241,-83.4993596335041,719,273845.5,3951790.5
"TWCR","TWCRLS05D3","D",3,1,1,0,0,0,0,0,0,0,0,0,0,0,0,0,1,0,0,0,0,0,1,0,0,0,0,0,0,0,0,0,3,0,0,0,0,0,0,"Twin Creeks",3951806,273821,35.6842074931241,-83.4993596335041,719,273836.5,3951781.5
"TWCR","TWCRLS05D4","D",4,0,1,0,0,0,0,0,0,0,0,0,0,1,0,0,0,0,0,0,0,0,1,0,0,0,0,0,0,0,0,0,0,0,0,0,0,0,0,"Twin Creeks",3951806,273821,35.6842074931241,-83.4993596335041,719,273845.5,3951781.5
"TWMI","TWMILS05A1","A",1,0,1,0,0,0,0,0,0,0,0,0,1,0,0,0,1,0,0,0,0,0,1,0,0,0,0,0,0,0,0,0,0,0,0,0,0,1,0,"Twenty Mile",3928921,239384,35.4695994580187,-83.8721275774795,440,239359.5,3928945.5
"TWMI","TWMILS05A2","A",2,0,0,0,0,0,0,0,0,0,0,0,0,0,0,0,0,0,0,0,0,0,0,0,0,0,0,0,0,0,0,0,0,0,0,0,0,0,0,"Twenty Mile",3928921,239384,35.4695994580187,-83.8721275774795,440,239368.5,3928945.5
"TWMI","TWMILS05A3","A",3,0,1,0,0,0,0,0,0,0,0,0,1,0,0,0,1,0,1,0,0,1,1,0,1,0,0,0,0,0,0,0,1,0,0,0,0,1,1,"Twenty Mile",3928921,239384,35.4695994580187,-83.8721275774795,440,239359.5,3928936.5
"TWMI","TWMILS05A4","A",4,0,1,0,0,0,0,0,0,1,0,0,0,0,0,0,1,0,1,0,0,1,0,0,0,0,0,0,0,1,0,0,1,0,0,0,0,1,0,"Twenty Mile",3928921,239384,35.4695994580187,-83.8721275774795,440,239368.5,3928936.5
"TWMI","TWMILS05B1","B",1,1,1,0,0,0,0,0,0,0,0,0,0,0,1,0,0,0,3,0,0,1,1,0,0,0,0,0,0,0,0,0,1,0,0,0,0,0,0,"Twenty Mile",3928921,239384,35.4695994580187,-83.8721275774795,440,239399.5,3928945.5
"TWMI","TWMILS05B2","B",2,0,1,0,0,0,0,0,0,0,0,0,1,0,0,0,0,0,0,2,0,1,1,0,0,0,0,0,0,0,0,0,0,0,0,0,0,0,0,"Twenty Mile",3928921,239384,35.4695994580187,-83.8721275774795,440,239408.5,3928945.5
"TWMI","TWMILS05B3","B",3,0,1,0,0,0,0,0,0,0,0,0,0,0,0,0,0,0,0,13,0,1,0,0,0,0,0,0,0,0,0,0,0,0,0,0,0,0,0,"Twenty Mile",3928921,239384,35.4695994580187,-83.8721275774795,440,239399.5,3928936.5
"TWMI","TWMILS05B4","B",4,0,1,0,0,0,0,0,0,0,0,0,0,0,0,0,0,0,0,1,0,1,1,0,0,0,10,0,0,0,0,0,0,0,0,0,0,0,0,"Twenty Mile",3928921,239384,35.4695994580187,-83.8721275774795,440,239408.5,3928936.5
"TWMI","TWMILS05C1","C",1,0,1,0,0,1,0,0,0,0,0,0,0,0,0,0,0,0,0,0,0,0,1,0,0,0,0,0,0,0,0,0,0,0,0,0,0,0,0,"Twenty Mile",3928921,239384,35.4695994580187,-83.8721275774795,440,239359.5,3928905.5
"TWMI","TWMILS05C2","C",2,0,1,0,0,1,0,0,0,0,0,0,0,0,0,0,0,0,0,5,0,1,1,0,0,0,0,0,0,0,0,0,0,0,0,0,0,1,0,"Twenty Mile",3928921,239384,35.4695994580187,-83.8721275774795,440,239368.5,3928905.5
"TWMI","TWMILS05C3","C",3,0,1,0,0,0,0,0,1,1,0,0,0,0,1,0,1,0,0,1,0,1,0,0,0,0,0,0,0,0,0,0,0,0,0,0,0,0,0,"Twenty Mile",3928921,239384,35.4695994580187,-83.8721275774795,440,239359.5,3928896.5
"TWMI","TWMILS05C4","C",4,0,0,0,0,1,0,0,0,0,0,0,0,0,0,0,1,0,0,11,0,1,1,0,1,0,0,0,0,0,0,0,0,0,0,0,0,0,0,"Twenty Mile",3928921,239384,35.4695994580187,-83.8721275774795,440,239368.5,3928896.5
"TWMI","TWMILS05D1","D",1,0,1,0,0,0,0,0,0,0,0,0,1,0,0,0,0,0,0,0,0,1,1,0,0,0,1,1,0,0,0,0,0,0,0,0,0,0,0,"Twenty Mile",3928921,239384,35.4695994580187,-83.8721275774795,440,239399.5,3928905.5
"TWMI","TWMILS05D2","D",2,1,1,0,0,0,0,0,0,0,0,0,0,0,0,0,0,0,0,0,0,1,0,0,0,0,0,0,0,0,0,0,0,0,0,0,0,0,0,"Twenty Mile",3928921,239384,35.4695994580187,-83.8721275774795,440,239408.5,3928905.5
"TWMI","TWMILS05D3","D",3,0,1,0,0,1,0,0,0,1,0,0,1,0,0,0,1,0,0,0,0,1,0,0,0,0,0,0,0,0,0,0,0,0,0,0,0,0,0,"Twenty Mile",3928921,239384,35.4695994580187,-83.8721275774795,440,239399.5,3928896.5
"TWMI","TWMILS05D4","D",4,0,1,1,0,1,0,0,0,0,0,0,0,0,0,0,0,0,0,0,0,1,1,0,0,0,0,0,0,0,0,0,0,0,0,0,0,0,0,"Twenty Mile",3928921,239384,35.4695994580187,-83.8721275774795,440,239408.5,3928896.5
