"","Site","Code","Subplot","Sample","Site_Name","UTM_N","UTM_E","N","E","Elevation_m","x","y"
"ABCRLS05A1","ABCR","ABCRLS05A1","A",1,"Abrams Creek",3944202,234842,35.6059966995406,-83.9271242663977,379,234817.5,3944226.5
"ABCRLS05A2","ABCR","ABCRLS05A2","A",2,"Abrams Creek",3944202,234842,35.6059966995406,-83.9271242663977,379,234826.5,3944226.5
"ABCRLS05A3","ABCR","ABCRLS05A3","A",3,"Abrams Creek",3944202,234842,35.6059966995406,-83.9271242663977,379,234826.5,3944217.5
"ABCRLS05A4","ABCR","ABCRLS05A4","A",4,"Abrams Creek",3944202,234842,35.6059966995406,-83.9271242663977,379,234817.5,3944217.5
"ABCRLS05B1","ABCR","ABCRLS05B1","B",1,"Abrams Creek",3944202,234842,35.6059966995406,-83.9271242663977,379,234857.5,3944226.5
"ABCRLS05B2","ABCR","ABCRLS05B2","B",2,"Abrams Creek",3944202,234842,35.6059966995406,-83.9271242663977,379,234866.5,3944226.5
"ABCRLS05B3","ABCR","ABCRLS05B3","B",3,"Abrams Creek",3944202,234842,35.6059966995406,-83.9271242663977,379,234866.5,3944217.5
"ABCRLS05B4","ABCR","ABCRLS05B4","B",4,"Abrams Creek",3944202,234842,35.6059966995406,-83.9271242663977,379,234857.5,3944217.5
"ABCRLS05C1","ABCR","ABCRLS05C1","C",1,"Abrams Creek",3944202,234842,35.6059966995406,-83.9271242663977,379,234857.5,3944186.5
"ABCRLS05C2","ABCR","ABCRLS05C2","C",2,"Abrams Creek",3944202,234842,35.6059966995406,-83.9271242663977,379,234866.5,3944186.5
"ABCRLS05C3","ABCR","ABCRLS05C3","C",3,"Abrams Creek",3944202,234842,35.6059966995406,-83.9271242663977,379,234866.5,3944177.5
"ABCRLS05C4","ABCR","ABCRLS05C4","C",4,"Abrams Creek",3944202,234842,35.6059966995406,-83.9271242663977,379,234857.5,3944177.5
"ABCRLS05D1","ABCR","ABCRLS05D1","D",1,"Abrams Creek",3944202,234842,35.6059966995406,-83.9271242663977,379,234817.5,3944186.5
"ABCRLS05D2","ABCR","ABCRLS05D2","D",2,"Abrams Creek",3944202,234842,35.6059966995406,-83.9271242663977,379,234826.5,3944186.5
"ABCRLS05D3","ABCR","ABCRLS05D3","D",3,"Abrams Creek",3944202,234842,35.6059966995406,-83.9271242663977,379,234826.5,3944177.5
"ABCRLS05D4","ABCR","ABCRLS05D4","D",4,"Abrams Creek",3944202,234842,35.6059966995406,-83.9271242663977,379,234817.5,3944177.5
"ALGRLS04A1","ALGR","ALGRLS04A1","A",1,"Albright Grove",3956633,293739,35.7320735506209,-83.2806611989585,1087,293714.5,3956657.5
"ALGRLS04A2","ALGR","ALGRLS04A2","A",2,"Albright Grove",3956633,293739,35.7320735506209,-83.2806611989585,1087,293723.5,3956657.5
"ALGRLS04A3","ALGR","ALGRLS04A3","A",3,"Albright Grove",3956633,293739,35.7320735506209,-83.2806611989585,1087,293723.5,3956648.5
"ALGRLS04A4","ALGR","ALGRLS04A4","A",4,"Albright Grove",3956633,293739,35.7320735506209,-83.2806611989585,1087,293714.5,3956648.5
"ALGRLS04B1","ALGR","ALGRLS04B1","B",1,"Albright Grove",3956633,293739,35.7320735506209,-83.2806611989585,1087,293754.5,3956657.5
"ALGRLS04B2","ALGR","ALGRLS04B2","B",2,"Albright Grove",3956633,293739,35.7320735506209,-83.2806611989585,1087,293763.5,3956657.5
"ALGRLS04B3","ALGR","ALGRLS04B3","B",3,"Albright Grove",3956633,293739,35.7320735506209,-83.2806611989585,1087,293763.5,3956648.5
"ALGRLS04B4","ALGR","ALGRLS04B4","B",4,"Albright Grove",3956633,293739,35.7320735506209,-83.2806611989585,1087,293754.5,3956648.5
"ALGRLS04C1","ALGR","ALGRLS04C1","C",1,"Albright Grove",3956633,293739,35.7320735506209,-83.2806611989585,1087,293754.5,3956617.5
"ALGRLS04C2","ALGR","ALGRLS04C2","C",2,"Albright Grove",3956633,293739,35.7320735506209,-83.2806611989585,1087,293763.5,3956617.5
"ALGRLS04C3","ALGR","ALGRLS04C3","C",3,"Albright Grove",3956633,293739,35.7320735506209,-83.2806611989585,1087,293763.5,3956608.5
"ALGRLS04C4","ALGR","ALGRLS04C4","C",4,"Albright Grove",3956633,293739,35.7320735506209,-83.2806611989585,1087,293754.5,3956608.5
"ALGRLS04D1","ALGR","ALGRLS04D1","D",1,"Albright Grove",3956633,293739,35.7320735506209,-83.2806611989585,1087,293714.5,3956617.5
"ALGRLS04D2","ALGR","ALGRLS04D2","D",2,"Albright Grove",3956633,293739,35.7320735506209,-83.2806611989585,1087,293723.5,3956617.5
"ALGRLS04D3","ALGR","ALGRLS04D3","D",3,"Albright Grove",3956633,293739,35.7320735506209,-83.2806611989585,1087,293723.5,3956608.5
"ALGRLS04D4","ALGR","ALGRLS04D4","D",4,"Albright Grove",3956633,293739,35.7320735506209,-83.2806611989585,1087,293714.5,3956608.5
"BAGALS05A1","BAGA","BAGALS05A1","A",1,"Balsam Gap",3945491,302502,35.6334869945852,-83.1810964760178,1342,302477.5,3945515.5
"BAGALS05A2","BAGA","BAGALS05A2","A",2,"Balsam Gap",3945491,302502,35.6334869945852,-83.1810964760178,1342,302486.5,3945515.5
"BAGALS05A3","BAGA","BAGALS05A3","A",3,"Balsam Gap",3945491,302502,35.6334869945852,-83.1810964760178,1342,302486.5,3945506.5
"BAGALS05A4","BAGA","BAGALS05A4","A",4,"Balsam Gap",3945491,302502,35.6334869945852,-83.1810964760178,1342,302477.5,3945506.5
"BAGALS05B1","BAGA","BAGALS05B1","B",1,"Balsam Gap",3945491,302502,35.6334869945852,-83.1810964760178,1342,302517.5,3945515.5
"BAGALS05B2","BAGA","BAGALS05B2","B",2,"Balsam Gap",3945491,302502,35.6334869945852,-83.1810964760178,1342,302526.5,3945515.5
"BAGALS05B3","BAGA","BAGALS05B3","B",3,"Balsam Gap",3945491,302502,35.6334869945852,-83.1810964760178,1342,302526.5,3945506.5
"BAGALS05B4","BAGA","BAGALS05B4","B",4,"Balsam Gap",3945491,302502,35.6334869945852,-83.1810964760178,1342,302517.5,3945506.5
"BAGALS05C1","BAGA","BAGALS05C1","C",1,"Balsam Gap",3945491,302502,35.6334869945852,-83.1810964760178,1342,302517.5,3945475.5
"BAGALS05C2","BAGA","BAGALS05C2","C",2,"Balsam Gap",3945491,302502,35.6334869945852,-83.1810964760178,1342,302526.5,3945475.5
"BAGALS05C3","BAGA","BAGALS05C3","C",3,"Balsam Gap",3945491,302502,35.6334869945852,-83.1810964760178,1342,302526.5,3945466.5
"BAGALS05C4","BAGA","BAGALS05C4","C",4,"Balsam Gap",3945491,302502,35.6334869945852,-83.1810964760178,1342,302517.5,3945466.5
"BAGALS05D1","BAGA","BAGALS05D1","D",1,"Balsam Gap",3945491,302502,35.6334869945852,-83.1810964760178,1342,302477.5,3945475.5
"BAGALS05D2","BAGA","BAGALS05D2","D",2,"Balsam Gap",3945491,302502,35.6334869945852,-83.1810964760178,1342,302486.5,3945475.5
"BAGALS05D3","BAGA","BAGALS05D3","D",3,"Balsam Gap",3945491,302502,35.6334869945852,-83.1810964760178,1342,302486.5,3945466.5
"BAGALS05D4","BAGA","BAGALS05D4","D",4,"Balsam Gap",3945491,302502,35.6334869945852,-83.1810964760178,1342,302477.5,3945466.5
"CATALS04A1","CATA","CATALS04A1","A",1,"Cataloochee",3939968,311363,35.5854570169316,-83.0820076593496,1456,311338.5,3939992.5
"CATALS04A2","CATA","CATALS04A2","A",2,"Cataloochee",3939968,311363,35.5854570169316,-83.0820076593496,1456,311347.5,3939992.5
"CATALS04A3","CATA","CATALS04A3","A",3,"Cataloochee",3939968,311363,35.5854570169316,-83.0820076593496,1456,311347.5,3939983.5
"CATALS04A4","CATA","CATALS04A4","A",4,"Cataloochee",3939968,311363,35.5854570169316,-83.0820076593496,1456,311338.5,3939983.5
"CATALS04B1","CATA","CATALS04B1","B",1,"Cataloochee",3939968,311363,35.5854570169316,-83.0820076593496,1456,311378.5,3939992.5
"CATALS04B2","CATA","CATALS04B2","B",2,"Cataloochee",3939968,311363,35.5854570169316,-83.0820076593496,1456,311387.5,3939992.5
"CATALS04B3","CATA","CATALS04B3","B",3,"Cataloochee",3939968,311363,35.5854570169316,-83.0820076593496,1456,311387.5,3939983.5
"CATALS04B4","CATA","CATALS04B4","B",4,"Cataloochee",3939968,311363,35.5854570169316,-83.0820076593496,1456,311378.5,3939983.5
"CATALS04C1","CATA","CATALS04C1","C",1,"Cataloochee",3939968,311363,35.5854570169316,-83.0820076593496,1456,311378.5,3939952.5
"CATALS04C2","CATA","CATALS04C2","C",2,"Cataloochee",3939968,311363,35.5854570169316,-83.0820076593496,1456,311387.5,3939952.5
"CATALS04C3","CATA","CATALS04C3","C",3,"Cataloochee",3939968,311363,35.5854570169316,-83.0820076593496,1456,311387.5,3939943.5
"CATALS04C4","CATA","CATALS04C4","C",4,"Cataloochee",3939968,311363,35.5854570169316,-83.0820076593496,1456,311378.5,3939943.5
"CATALS04D1","CATA","CATALS04D1","D",1,"Cataloochee",3939968,311363,35.5854570169316,-83.0820076593496,1456,311338.5,3939952.5
"CATALS04D2","CATA","CATALS04D2","D",2,"Cataloochee",3939968,311363,35.5854570169316,-83.0820076593496,1456,311347.5,3939952.5
"CATALS04D3","CATA","CATALS04D3","D",3,"Cataloochee",3939968,311363,35.5854570169316,-83.0820076593496,1456,311347.5,3939943.5
"CATALS04D4","CATA","CATALS04D4","D",4,"Cataloochee",3939968,311363,35.5854570169316,-83.0820076593496,1456,311338.5,3939943.5
"DBSPLS04A1","DBSP","DBSPLS04A1","A",1,"Double Spring Gap",3938428,268956,35.5625738255543,-83.5492422610895,1707,268931.5,3938452.5
"DBSPLS04A2","DBSP","DBSPLS04A2","A",2,"Double Spring Gap",3938428,268956,35.5625738255543,-83.5492422610895,1707,268940.5,3938452.5
"DBSPLS04A3","DBSP","DBSPLS04A3","A",3,"Double Spring Gap",3938428,268956,35.5625738255543,-83.5492422610895,1707,268940.5,3938443.5
"DBSPLS04A4","DBSP","DBSPLS04A4","A",4,"Double Spring Gap",3938428,268956,35.5625738255543,-83.5492422610895,1707,268931.5,3938443.5
"DBSPLS04B1","DBSP","DBSPLS04B1","B",1,"Double Spring Gap",3938428,268956,35.5625738255543,-83.5492422610895,1707,268971.5,3938452.5
"DBSPLS04B2","DBSP","DBSPLS04B2","B",2,"Double Spring Gap",3938428,268956,35.5625738255543,-83.5492422610895,1707,268980.5,3938452.5
"DBSPLS04B4","DBSP","DBSPLS04B4","B",3,"Double Spring Gap",3938428,268956,35.5625738255543,-83.5492422610895,1707,268980.5,3938443.5
"DBSPLS04C1","DBSP","DBSPLS04C1","B",4,"Double Spring Gap",3938428,268956,35.5625738255543,-83.5492422610895,1707,268971.5,3938443.5
"DBSPLS04C2","DBSP","DBSPLS04C2","C",1,"Double Spring Gap",3938428,268956,35.5625738255543,-83.5492422610895,1707,268971.5,3938412.5
"DBSPLS04C3","DBSP","DBSPLS04C3","C",2,"Double Spring Gap",3938428,268956,35.5625738255543,-83.5492422610895,1707,268980.5,3938412.5
"DBSPLS04C4","DBSP","DBSPLS04C4","C",3,"Double Spring Gap",3938428,268956,35.5625738255543,-83.5492422610895,1707,268980.5,3938403.5
"DBSPLS04C5","DBSP","DBSPLS04C5","C",4,"Double Spring Gap",3938428,268956,35.5625738255543,-83.5492422610895,1707,268971.5,3938403.5
"DBSPLS04D1","DBSP","DBSPLS04D1","D",1,"Double Spring Gap",3938428,268956,35.5625738255543,-83.5492422610895,1707,268931.5,3938412.5
"DBSPLS04D2","DBSP","DBSPLS04D2","D",2,"Double Spring Gap",3938428,268956,35.5625738255543,-83.5492422610895,1707,268940.5,3938412.5
"DBSPLS04D3","DBSP","DBSPLS04D3","D",3,"Double Spring Gap",3938428,268956,35.5625738255543,-83.5492422610895,1707,268940.5,3938403.5
"DBSPLS04D4","DBSP","DBSPLS04D4","D",4,"Double Spring Gap",3938428,268956,35.5625738255543,-83.5492422610895,1707,268931.5,3938403.5
"FLTCLS04A1","FLTC","FLTCLS04A1","A",1,"Flat Creek",3937816,302335,35.5643019270927,-83.1810616822307,1742,302310.5,3937840.5
"FLTCLS04A2","FLTC","FLTCLS04A2","A",2,"Flat Creek",3937816,302335,35.5643019270927,-83.1810616822307,1742,302319.5,3937840.5
"FLTCLS04A3","FLTC","FLTCLS04A3","A",3,"Flat Creek",3937816,302335,35.5643019270927,-83.1810616822307,1742,302319.5,3937831.5
"FLTCLS04A4","FLTC","FLTCLS04A4","A",4,"Flat Creek",3937816,302335,35.5643019270927,-83.1810616822307,1742,302310.5,3937831.5
"FLTCLS04B1","FLTC","FLTCLS04B1","B",1,"Flat Creek",3937816,302335,35.5643019270927,-83.1810616822307,1742,302350.5,3937840.5
"FLTCLS04B2","FLTC","FLTCLS04B2","B",2,"Flat Creek",3937816,302335,35.5643019270927,-83.1810616822307,1742,302359.5,3937840.5
"FLTCLS04B3","FLTC","FLTCLS04B3","B",3,"Flat Creek",3937816,302335,35.5643019270927,-83.1810616822307,1742,302359.5,3937831.5
"FLTCLS04B4","FLTC","FLTCLS04B4","B",4,"Flat Creek",3937816,302335,35.5643019270927,-83.1810616822307,1742,302350.5,3937831.5
"FLTCLS04C1","FLTC","FLTCLS04C1","C",1,"Flat Creek",3937816,302335,35.5643019270927,-83.1810616822307,1742,302350.5,3937800.5
"FLTCLS04C2","FLTC","FLTCLS04C2","C",2,"Flat Creek",3937816,302335,35.5643019270927,-83.1810616822307,1742,302359.5,3937800.5
"FLTCLS04C3","FLTC","FLTCLS04C3","C",3,"Flat Creek",3937816,302335,35.5643019270927,-83.1810616822307,1742,302359.5,3937791.5
"FLTCLS04C4","FLTC","FLTCLS04C4","C",4,"Flat Creek",3937816,302335,35.5643019270927,-83.1810616822307,1742,302350.5,3937791.5
"FLTCLS04D1","FLTC","FLTCLS04D1","D",1,"Flat Creek",3937816,302335,35.5643019270927,-83.1810616822307,1742,302310.5,3937800.5
"FLTCLS04D2","FLTC","FLTCLS04D2","D",2,"Flat Creek",3937816,302335,35.5643019270927,-83.1810616822307,1742,302319.5,3937800.5
"FLTCLS04D3","FLTC","FLTCLS04D3","D",3,"Flat Creek",3937816,302335,35.5643019270927,-83.1810616822307,1742,302319.5,3937791.5
"FLTCLS04D4","FLTC","FLTCLS04D4","D",4,"Flat Creek",3937816,302335,35.5643019270927,-83.1810616822307,1742,302310.5,3937791.5
"FODALS05A1","FODA","FODALS05A1","A",1,"Fontana Dam",3927598,244709,35.4590715047356,-83.8130918397365,511,244684.5,3927622.5
"FODALS05A2","FODA","FODALS05A2","A",2,"Fontana Dam",3927598,244709,35.4590715047356,-83.8130918397365,511,244693.5,3927622.5
"FODALS05A3","FODA","FODALS05A3","A",3,"Fontana Dam",3927598,244709,35.4590715047356,-83.8130918397365,511,244693.5,3927613.5
"FODALS05A4","FODA","FODALS05A4","A",4,"Fontana Dam",3927598,244709,35.4590715047356,-83.8130918397365,511,244684.5,3927613.5
"FODALS05B1","FODA","FODALS05B1","B",1,"Fontana Dam",3927598,244709,35.4590715047356,-83.8130918397365,511,244724.5,3927622.5
"FODALS05B2","FODA","FODALS05B2","B",2,"Fontana Dam",3927598,244709,35.4590715047356,-83.8130918397365,511,244733.5,3927622.5
"FODALS05B3","FODA","FODALS05B3","B",3,"Fontana Dam",3927598,244709,35.4590715047356,-83.8130918397365,511,244733.5,3927613.5
"FODALS05B4","FODA","FODALS05B4","B",4,"Fontana Dam",3927598,244709,35.4590715047356,-83.8130918397365,511,244724.5,3927613.5
"FODALS05C1","FODA","FODALS05C1","C",1,"Fontana Dam",3927598,244709,35.4590715047356,-83.8130918397365,511,244724.5,3927582.5
"FODALS05C2","FODA","FODALS05C2","C",2,"Fontana Dam",3927598,244709,35.4590715047356,-83.8130918397365,511,244733.5,3927582.5
"FODALS05C3","FODA","FODALS05C3","C",3,"Fontana Dam",3927598,244709,35.4590715047356,-83.8130918397365,511,244733.5,3927573.5
"FODALS05C4","FODA","FODALS05C4","C",4,"Fontana Dam",3927598,244709,35.4590715047356,-83.8130918397365,511,244724.5,3927573.5
"FODALS05D1","FODA","FODALS05D1","D",1,"Fontana Dam",3927598,244709,35.4590715047356,-83.8130918397365,511,244684.5,3927582.5
"FODALS05D2","FODA","FODALS05D2","D",2,"Fontana Dam",3927598,244709,35.4590715047356,-83.8130918397365,511,244693.5,3927582.5
"FODALS05D3","FODA","FODALS05D3","D",3,"Fontana Dam",3927598,244709,35.4590715047356,-83.8130918397365,511,244693.5,3927573.5
"FODALS05D4","FODA","FODALS05D4","D",4,"Fontana Dam",3927598,244709,35.4590715047356,-83.8130918397365,511,244684.5,3927573.5
"GOPRLS04A1","GOPR","GOPRLS04A1","A",1,"Goshen prong",3943636,269621,35.6096409614892,-83.5433954642104,941,269596.5,3943660.5
"GOPRLS04A2","GOPR","GOPRLS04A2","A",2,"Goshen prong",3943636,269621,35.6096409614892,-83.5433954642104,941,269605.5,3943660.5
"GOPRLS04A3","GOPR","GOPRLS04A3","A",3,"Goshen prong",3943636,269621,35.6096409614892,-83.5433954642104,941,269605.5,3943651.5
"GOPRLS04A4","GOPR","GOPRLS04A4","A",4,"Goshen prong",3943636,269621,35.6096409614892,-83.5433954642104,941,269596.5,3943651.5
"GOPRLS04B1","GOPR","GOPRLS04B1","B",1,"Goshen prong",3943636,269621,35.6096409614892,-83.5433954642104,941,269636.5,3943660.5
"GOPRLS04B2","GOPR","GOPRLS04B2","B",2,"Goshen prong",3943636,269621,35.6096409614892,-83.5433954642104,941,269645.5,3943660.5
"GOPRLS04B3","GOPR","GOPRLS04B3","B",3,"Goshen prong",3943636,269621,35.6096409614892,-83.5433954642104,941,269645.5,3943651.5
"GOPRLS04B4","GOPR","GOPRLS04B4","B",4,"Goshen prong",3943636,269621,35.6096409614892,-83.5433954642104,941,269636.5,3943651.5
"GOPRLS04C1","GOPR","GOPRLS04C1","C",1,"Goshen prong",3943636,269621,35.6096409614892,-83.5433954642104,941,269636.5,3943620.5
"GOPRLS04C2","GOPR","GOPRLS04C2","C",2,"Goshen prong",3943636,269621,35.6096409614892,-83.5433954642104,941,269645.5,3943620.5
"GOPRLS04C3","GOPR","GOPRLS04C3","C",3,"Goshen prong",3943636,269621,35.6096409614892,-83.5433954642104,941,269645.5,3943611.5
"GOPRLS04C4","GOPR","GOPRLS04C4","C",4,"Goshen prong",3943636,269621,35.6096409614892,-83.5433954642104,941,269636.5,3943611.5
"GOPRLS04D1","GOPR","GOPRLS04D1","D",1,"Goshen prong",3943636,269621,35.6096409614892,-83.5433954642104,941,269596.5,3943620.5
"GOPRLS04D2","GOPR","GOPRLS04D2","D",2,"Goshen prong",3943636,269621,35.6096409614892,-83.5433954642104,941,269605.5,3943620.5
"GOPRLS04D3","GOPR","GOPRLS04D3","D",3,"Goshen prong",3943636,269621,35.6096409614892,-83.5433954642104,941,269605.5,3943611.5
"GOPRLS04D4","GOPR","GOPRLS04D4","D",4,"Goshen prong",3943636,269621,35.6096409614892,-83.5433954642104,941,269596.5,3943611.5
"INGPLS04A1","INGP","INGPLS04A1","A",1,"Indian Gap",3943401,278593,35.609579255935,-83.4443619878003,1651,278568.5,3943425.5
"INGPLS04A2","INGP","INGPLS04A2","A",2,"Indian Gap",3943401,278593,35.609579255935,-83.4443619878003,1651,278577.5,3943425.5
"INGPLS04A3","INGP","INGPLS04A3","A",3,"Indian Gap",3943401,278593,35.609579255935,-83.4443619878003,1651,278577.5,3943416.5
"INGPLS04A4","INGP","INGPLS04A4","A",4,"Indian Gap",3943401,278593,35.609579255935,-83.4443619878003,1651,278568.5,3943416.5
"INGPLS04B1","INGP","INGPLS04B1","B",1,"Indian Gap",3943401,278593,35.609579255935,-83.4443619878003,1651,278608.5,3943425.5
"INGPLS04B2","INGP","INGPLS04B2","B",2,"Indian Gap",3943401,278593,35.609579255935,-83.4443619878003,1651,278617.5,3943425.5
"INGPLS04B3","INGP","INGPLS04B3","B",3,"Indian Gap",3943401,278593,35.609579255935,-83.4443619878003,1651,278617.5,3943416.5
"INGPLS04B4","INGP","INGPLS04B4","B",4,"Indian Gap",3943401,278593,35.609579255935,-83.4443619878003,1651,278608.5,3943416.5
"INGPLS04C1","INGP","INGPLS04C1","C",1,"Indian Gap",3943401,278593,35.609579255935,-83.4443619878003,1651,278608.5,3943385.5
"INGPLS04C2","INGP","INGPLS04C2","C",2,"Indian Gap",3943401,278593,35.609579255935,-83.4443619878003,1651,278617.5,3943385.5
"INGPLS04C3","INGP","INGPLS04C3","C",3,"Indian Gap",3943401,278593,35.609579255935,-83.4443619878003,1651,278617.5,3943376.5
"INGPLS04C4","INGP","INGPLS04C4","C",4,"Indian Gap",3943401,278593,35.609579255935,-83.4443619878003,1651,278608.5,3943376.5
"INGPLS04D1","INGP","INGPLS04D1","D",1,"Indian Gap",3943401,278593,35.609579255935,-83.4443619878003,1651,278568.5,3943385.5
"INGPLS04D2","INGP","INGPLS04D2","D",2,"Indian Gap",3943401,278593,35.609579255935,-83.4443619878003,1651,278577.5,3943385.5
"INGPLS04D3","INGP","INGPLS04D3","D",3,"Indian Gap",3943401,278593,35.609579255935,-83.4443619878003,1651,278577.5,3943376.5
"INGPLS04D4","INGP","INGPLS04D4","D",4,"Indian Gap",3943401,278593,35.609579255935,-83.4443619878003,1651,278568.5,3943376.5
"KATRLS05A1","KATR","KATRLS05A1","A",1,"Katani Trail",3940443,285845,35.584532412068,-83.3635769413393,786,285820.5,3940467.5
"KATRLS05A2","KATR","KATRLS05A2","A",2,"Katani Trail",3940443,285845,35.584532412068,-83.3635769413393,786,285829.5,3940467.5
"KATRLS05A3","KATR","KATRLS05A3","A",3,"Katani Trail",3940443,285845,35.584532412068,-83.3635769413393,786,285829.5,3940458.5
"KATRLS05A4","KATR","KATRLS05A4","A",4,"Katani Trail",3940443,285845,35.584532412068,-83.3635769413393,786,285820.5,3940458.5
"KATRLS05B1","KATR","KATRLS05B1","B",1,"Katani Trail",3940443,285845,35.584532412068,-83.3635769413393,786,285860.5,3940467.5
"KATRLS05B2","KATR","KATRLS05B2","B",2,"Katani Trail",3940443,285845,35.584532412068,-83.3635769413393,786,285869.5,3940467.5
"KATRLS05B3","KATR","KATRLS05B3","B",3,"Katani Trail",3940443,285845,35.584532412068,-83.3635769413393,786,285869.5,3940458.5
"KATRLS05B4","KATR","KATRLS05B4","B",4,"Katani Trail",3940443,285845,35.584532412068,-83.3635769413393,786,285860.5,3940458.5
"KATRLS05C1","KATR","KATRLS05C1","C",1,"Katani Trail",3940443,285845,35.584532412068,-83.3635769413393,786,285860.5,3940427.5
"KATRLS05C2","KATR","KATRLS05C2","C",2,"Katani Trail",3940443,285845,35.584532412068,-83.3635769413393,786,285869.5,3940427.5
"KATRLS05C3","KATR","KATRLS05C3","C",3,"Katani Trail",3940443,285845,35.584532412068,-83.3635769413393,786,285869.5,3940418.5
"KATRLS05C4","KATR","KATRLS05C4","C",4,"Katani Trail",3940443,285845,35.584532412068,-83.3635769413393,786,285860.5,3940418.5
"KATRLS05D1","KATR","KATRLS05D1","D",1,"Katani Trail",3940443,285845,35.584532412068,-83.3635769413393,786,285820.5,3940427.5
"KATRLS05D2","KATR","KATRLS05D2","D",2,"Katani Trail",3940443,285845,35.584532412068,-83.3635769413393,786,285829.5,3940427.5
"KATRLS05D3","KATR","KATRLS05D3","D",3,"Katani Trail",3940443,285845,35.584532412068,-83.3635769413393,786,285829.5,3940418.5
"KATRLS05D4","KATR","KATRLS05D4","D",4,"Katani Trail",3940443,285845,35.584532412068,-83.3635769413393,786,285820.5,3940418.5
"LAFALS06A1","LAFA","LAFALS06A1","A",1,"Laurel Falls",3950285,265904,35.6686548067775,-83.5863245004415,688,265879.5,3950309.5
"LAFALS06A2","LAFA","LAFALS06A2","A",2,"Laurel Falls",3950285,265904,35.6686548067775,-83.5863245004415,688,265888.5,3950309.5
"LAFALS06A3","LAFA","LAFALS06A3","A",3,"Laurel Falls",3950285,265904,35.6686548067775,-83.5863245004415,688,265888.5,3950300.5
"LAFALS06A4","LAFA","LAFALS06A4","A",4,"Laurel Falls",3950285,265904,35.6686548067775,-83.5863245004415,688,265879.5,3950300.5
"LAFALS06B1","LAFA","LAFALS06B1","B",1,"Laurel Falls",3950285,265904,35.6686548067775,-83.5863245004415,688,265919.5,3950309.5
"LAFALS06B2","LAFA","LAFALS06B2","B",2,"Laurel Falls",3950285,265904,35.6686548067775,-83.5863245004415,688,265928.5,3950309.5
"LAFALS06B3","LAFA","LAFALS06B3","B",3,"Laurel Falls",3950285,265904,35.6686548067775,-83.5863245004415,688,265928.5,3950300.5
"LAFALS06B4","LAFA","LAFALS06B4","B",4,"Laurel Falls",3950285,265904,35.6686548067775,-83.5863245004415,688,265919.5,3950300.5
"LAFALS06C1","LAFA","LAFALS06C1","C",1,"Laurel Falls",3950285,265904,35.6686548067775,-83.5863245004415,688,265919.5,3950269.5
"LAFALS06C2","LAFA","LAFALS06C2","C",2,"Laurel Falls",3950285,265904,35.6686548067775,-83.5863245004415,688,265928.5,3950269.5
"LAFALS06C3","LAFA","LAFALS06C3","C",3,"Laurel Falls",3950285,265904,35.6686548067775,-83.5863245004415,688,265928.5,3950260.5
"LAFALS06C4","LAFA","LAFALS06C4","C",4,"Laurel Falls",3950285,265904,35.6686548067775,-83.5863245004415,688,265919.5,3950260.5
"LAFALS06D1","LAFA","LAFALS06D1","D",1,"Laurel Falls",3950285,265904,35.6686548067775,-83.5863245004415,688,265879.5,3950269.5
"LAFALS06D2","LAFA","LAFALS06D2","D",2,"Laurel Falls",3950285,265904,35.6686548067775,-83.5863245004415,688,265888.5,3950269.5
"LAFALS06D3","LAFA","LAFALS06D3","D",3,"Laurel Falls",3950285,265904,35.6686548067775,-83.5863245004415,688,265888.5,3950260.5
"LAFALS06D4","LAFA","LAFALS06D4","D",4,"Laurel Falls",3950285,265904,35.6686548067775,-83.5863245004415,688,265879.5,3950260.5
"LECOLS05A1","LECO","LECOLS05A1","A",1,"Lead Cove Trail",3943495,251493,35.6039686209106,-83.7432883447597,520,251468.5,3943519.5
"LECOLS05A2","LECO","LECOLS05A2","A",2,"Lead Cove Trail",3943495,251493,35.6039686209106,-83.7432883447597,520,251477.5,3943519.5
"LECOLS05A3","LECO","LECOLS05A3","A",3,"Lead Cove Trail",3943495,251493,35.6039686209106,-83.7432883447597,520,251477.5,3943510.5
"LECOLS05A4","LECO","LECOLS05A4","A",4,"Lead Cove Trail",3943495,251493,35.6039686209106,-83.7432883447597,520,251468.5,3943510.5
"LECOLS05B1","LECO","LECOLS05B1","B",1,"Lead Cove Trail",3943495,251493,35.6039686209106,-83.7432883447597,520,251508.5,3943519.5
"LECOLS05B2","LECO","LECOLS05B2","B",2,"Lead Cove Trail",3943495,251493,35.6039686209106,-83.7432883447597,520,251517.5,3943519.5
"LECOLS05B3","LECO","LECOLS05B3","B",3,"Lead Cove Trail",3943495,251493,35.6039686209106,-83.7432883447597,520,251517.5,3943510.5
"LECOLS05B4","LECO","LECOLS05B4","B",4,"Lead Cove Trail",3943495,251493,35.6039686209106,-83.7432883447597,520,251508.5,3943510.5
"LECOLS05C1","LECO","LECOLS05C1","C",1,"Lead Cove Trail",3943495,251493,35.6039686209106,-83.7432883447597,520,251508.5,3943479.5
"LECOLS05C2","LECO","LECOLS05C2","C",2,"Lead Cove Trail",3943495,251493,35.6039686209106,-83.7432883447597,520,251517.5,3943479.5
"LECOLS05C3","LECO","LECOLS05C3","C",3,"Lead Cove Trail",3943495,251493,35.6039686209106,-83.7432883447597,520,251517.5,3943470.5
"LECOLS05C4","LECO","LECOLS05C4","C",4,"Lead Cove Trail",3943495,251493,35.6039686209106,-83.7432883447597,520,251508.5,3943470.5
"LECOLS05D1","LECO","LECOLS05D1","D",1,"Lead Cove Trail",3943495,251493,35.6039686209106,-83.7432883447597,520,251468.5,3943479.5
"LECOLS05D2","LECO","LECOLS05D2","D",2,"Lead Cove Trail",3943495,251493,35.6039686209106,-83.7432883447597,520,251477.5,3943479.5
"LECOLS05D3","LECO","LECOLS05D3","D",3,"Lead Cove Trail",3943495,251493,35.6039686209106,-83.7432883447597,520,251477.5,3943470.5
"LECOLS05D4","LECO","LECOLS05D4","D",4,"Lead Cove Trail",3943495,251493,35.6039686209106,-83.7432883447597,520,251468.5,3943470.5
"NOCRLS05A1","NOCR","NOCRLS05A1","A",1,"Noland Creek",3927196,269003,35.4614100639219,-83.5455266046712,656,268978.5,3927220.5
"NOCRLS05A2","NOCR","NOCRLS05A2","A",2,"Noland Creek",3927196,269003,35.4614100639219,-83.5455266046712,656,268987.5,3927220.5
"NOCRLS05A3","NOCR","NOCRLS05A3","A",3,"Noland Creek",3927196,269003,35.4614100639219,-83.5455266046712,656,268987.5,3927211.5
"NOCRLS05A4","NOCR","NOCRLS05A4","A",4,"Noland Creek",3927196,269003,35.4614100639219,-83.5455266046712,656,268978.5,3927211.5
"NOCRLS05B1","NOCR","NOCRLS05B1","B",1,"Noland Creek",3927196,269003,35.4614100639219,-83.5455266046712,656,269018.5,3927220.5
"NOCRLS05B2","NOCR","NOCRLS05B2","B",2,"Noland Creek",3927196,269003,35.4614100639219,-83.5455266046712,656,269027.5,3927220.5
"NOCRLS05B3","NOCR","NOCRLS05B3","B",3,"Noland Creek",3927196,269003,35.4614100639219,-83.5455266046712,656,269027.5,3927211.5
"NOCRLS05B4","NOCR","NOCRLS05B4","B",4,"Noland Creek",3927196,269003,35.4614100639219,-83.5455266046712,656,269018.5,3927211.5
"NOCRLS05C1","NOCR","NOCRLS05C1","C",1,"Noland Creek",3927196,269003,35.4614100639219,-83.5455266046712,656,269018.5,3927180.5
"NOCRLS05C2","NOCR","NOCRLS05C2","C",2,"Noland Creek",3927196,269003,35.4614100639219,-83.5455266046712,656,269027.5,3927180.5
"NOCRLS05C3","NOCR","NOCRLS05C3","C",3,"Noland Creek",3927196,269003,35.4614100639219,-83.5455266046712,656,269027.5,3927171.5
"NOCRLS05C4","NOCR","NOCRLS05C4","C",4,"Noland Creek",3927196,269003,35.4614100639219,-83.5455266046712,656,269018.5,3927171.5
"NOCRLS05D1","NOCR","NOCRLS05D1","D",1,"Noland Creek",3927196,269003,35.4614100639219,-83.5455266046712,656,268978.5,3927180.5
"NOCRLS05D2","NOCR","NOCRLS05D2","D",2,"Noland Creek",3927196,269003,35.4614100639219,-83.5455266046712,656,268987.5,3927180.5
"NOCRLS05D3","NOCR","NOCRLS05D3","D",3,"Noland Creek",3927196,269003,35.4614100639219,-83.5455266046712,656,268987.5,3927171.5
"NOCRLS05D4","NOCR","NOCRLS05D4","D",4,"Noland Creek",3927196,269003,35.4614100639219,-83.5455266046712,656,268978.5,3927171.5
"NODILS06A1","NODI","NODILS06A1","A",1,"Noland Divide Tr.",3938595,275066,35.5654884048874,-83.4819308275572,1828,275041.5,3938619.5
"NODILS06A2","NODI","NODILS06A2","A",2,"Noland Divide Tr.",3938595,275066,35.5654884048874,-83.4819308275572,1828,275050.5,3938619.5
"NODILS06A3","NODI","NODILS06A3","A",3,"Noland Divide Tr.",3938595,275066,35.5654884048874,-83.4819308275572,1828,275050.5,3938610.5
"NODILS06A4","NODI","NODILS06A4","A",4,"Noland Divide Tr.",3938595,275066,35.5654884048874,-83.4819308275572,1828,275041.5,3938610.5
"NODILS06B1","NODI","NODILS06B1","B",1,"Noland Divide Tr.",3938595,275066,35.5654884048874,-83.4819308275572,1828,275081.5,3938619.5
"NODILS06B2","NODI","NODILS06B2","B",2,"Noland Divide Tr.",3938595,275066,35.5654884048874,-83.4819308275572,1828,275090.5,3938619.5
"NODILS06B3","NODI","NODILS06B3","B",3,"Noland Divide Tr.",3938595,275066,35.5654884048874,-83.4819308275572,1828,275090.5,3938610.5
"NODILS06B4","NODI","NODILS06B4","B",4,"Noland Divide Tr.",3938595,275066,35.5654884048874,-83.4819308275572,1828,275081.5,3938610.5
"NODILS06C1","NODI","NODILS06C1","C",1,"Noland Divide Tr.",3938595,275066,35.5654884048874,-83.4819308275572,1828,275081.5,3938579.5
"NODILS06C2","NODI","NODILS06C2","C",2,"Noland Divide Tr.",3938595,275066,35.5654884048874,-83.4819308275572,1828,275090.5,3938579.5
"NODILS06C3","NODI","NODILS06C3","C",3,"Noland Divide Tr.",3938595,275066,35.5654884048874,-83.4819308275572,1828,275090.5,3938570.5
"NODILS06C4","NODI","NODILS06C4","C",4,"Noland Divide Tr.",3938595,275066,35.5654884048874,-83.4819308275572,1828,275081.5,3938570.5
"NODILS06D1","NODI","NODILS06D1","D",1,"Noland Divide Tr.",3938595,275066,35.5654884048874,-83.4819308275572,1828,275041.5,3938579.5
"NODILS06D2","NODI","NODILS06D2","D",2,"Noland Divide Tr.",3938595,275066,35.5654884048874,-83.4819308275572,1828,275050.5,3938579.5
"NODILS06D3","NODI","NODILS06D3","D",3,"Noland Divide Tr.",3938595,275066,35.5654884048874,-83.4819308275572,1828,275050.5,3938570.5
"NODILS06D4","NODI","NODILS06D4","D",4,"Noland Divide Tr.",3938595,275066,35.5654884048874,-83.4819308275572,1828,275041.5,3938570.5
"OCLFLS04A1","OCLF","OCLFLS04A1","A",1,"Oconaluftee",3931728,291173,35.5071576113632,-83.3025693263459,625,291148.5,3931752.5
"OCLFLS04A2","OCLF","OCLFLS04A2","A",2,"Oconaluftee",3931728,291173,35.5071576113632,-83.3025693263459,625,291157.5,3931752.5
"OCLFLS04A3","OCLF","OCLFLS04A3","A",3,"Oconaluftee",3931728,291173,35.5071576113632,-83.3025693263459,625,291157.5,3931743.5
"OCLFLS04A4","OCLF","OCLFLS04A4","A",4,"Oconaluftee",3931728,291173,35.5071576113632,-83.3025693263459,625,291148.5,3931743.5
"OCLFLS04B1","OCLF","OCLFLS04B1","B",1,"Oconaluftee",3931728,291173,35.5071576113632,-83.3025693263459,625,291188.5,3931752.5
"OCLFLS04B2","OCLF","OCLFLS04B2","B",2,"Oconaluftee",3931728,291173,35.5071576113632,-83.3025693263459,625,291197.5,3931752.5
"OCLFLS04B3","OCLF","OCLFLS04B3","B",3,"Oconaluftee",3931728,291173,35.5071576113632,-83.3025693263459,625,291197.5,3931743.5
"OCLFLS04B4","OCLF","OCLFLS04B4","B",4,"Oconaluftee",3931728,291173,35.5071576113632,-83.3025693263459,625,291188.5,3931743.5
"OCLFLS04C1","OCLF","OCLFLS04C1","C",1,"Oconaluftee",3931728,291173,35.5071576113632,-83.3025693263459,625,291188.5,3931712.5
"OCLFLS04C2","OCLF","OCLFLS04C2","C",2,"Oconaluftee",3931728,291173,35.5071576113632,-83.3025693263459,625,291197.5,3931712.5
"OCLFLS04C3","OCLF","OCLFLS04C3","C",3,"Oconaluftee",3931728,291173,35.5071576113632,-83.3025693263459,625,291197.5,3931703.5
"OCLFLS04C4","OCLF","OCLFLS04C4","C",4,"Oconaluftee",3931728,291173,35.5071576113632,-83.3025693263459,625,291188.5,3931703.5
"OCLFLS04D1","OCLF","OCLFLS04D1","D",1,"Oconaluftee",3931728,291173,35.5071576113632,-83.3025693263459,625,291148.5,3931712.5
"OCLFLS04D2","OCLF","OCLFLS04D2","D",2,"Oconaluftee",3931728,291173,35.5071576113632,-83.3025693263459,625,291157.5,3931712.5
"OCLFLS04D3","OCLF","OCLFLS04D3","D",3,"Oconaluftee",3931728,291173,35.5071576113632,-83.3025693263459,625,291157.5,3931703.5
"OCLFLS04D4","OCLF","OCLFLS04D4","D",4,"Oconaluftee",3931728,291173,35.5071576113632,-83.3025693263459,625,291148.5,3931703.5
"PABRLS05A1","PABR","PABRLS05A1","A",1,"Parson Branch",3932386,233816,35.4993204441892,-83.9345537719346,403,233791.5,3932410.5
"PABRLS05A2","PABR","PABRLS05A2","A",2,"Parson Branch",3932386,233816,35.4993204441892,-83.9345537719346,403,233800.5,3932410.5
"PABRLS05A3","PABR","PABRLS05A3","A",3,"Parson Branch",3932386,233816,35.4993204441892,-83.9345537719346,403,233800.5,3932401.5
"PABRLS05A4","PABR","PABRLS05A4","A",4,"Parson Branch",3932386,233816,35.4993204441892,-83.9345537719346,403,233791.5,3932401.5
"PABRLS05B1","PABR","PABRLS05B1","B",1,"Parson Branch",3932386,233816,35.4993204441892,-83.9345537719346,403,233831.5,3932410.5
"PABRLS05B2","PABR","PABRLS05B2","B",2,"Parson Branch",3932386,233816,35.4993204441892,-83.9345537719346,403,233840.5,3932410.5
"PABRLS05B3","PABR","PABRLS05B3","B",3,"Parson Branch",3932386,233816,35.4993204441892,-83.9345537719346,403,233840.5,3932401.5
"PABRLS05B4","PABR","PABRLS05B4","B",4,"Parson Branch",3932386,233816,35.4993204441892,-83.9345537719346,403,233831.5,3932401.5
"PABRLS05C1","PABR","PABRLS05C1","C",1,"Parson Branch",3932386,233816,35.4993204441892,-83.9345537719346,403,233831.5,3932370.5
"PABRLS05C2","PABR","PABRLS05C2","C",2,"Parson Branch",3932386,233816,35.4993204441892,-83.9345537719346,403,233840.5,3932370.5
"PABRLS05C3","PABR","PABRLS05C3","C",3,"Parson Branch",3932386,233816,35.4993204441892,-83.9345537719346,403,233840.5,3932361.5
"PABRLS05C4","PABR","PABRLS05C4","C",4,"Parson Branch",3932386,233816,35.4993204441892,-83.9345537719346,403,233831.5,3932361.5
"PABRLS05D1","PABR","PABRLS05D1","D",1,"Parson Branch",3932386,233816,35.4993204441892,-83.9345537719346,403,233791.5,3932370.5
"PABRLS05D2","PABR","PABRLS05D2","D",2,"Parson Branch",3932386,233816,35.4993204441892,-83.9345537719346,403,233800.5,3932370.5
"PABRLS05D3","PABR","PABRLS05D3","D",3,"Parson Branch",3932386,233816,35.4993204441892,-83.9345537719346,403,233800.5,3932361.5
"PABRLS05D4","PABR","PABRLS05D4","D",4,"Parson Branch",3932386,233816,35.4993204441892,-83.9345537719346,403,233791.5,3932361.5
"PRKBLS04A1","PRKB","PRKBLS04A1","A",1,"Purchase Knob",3940422,313346,35.5899246017199,-83.060238629008,1530,313321.5,3940446.5
"PRKBLS04A2","PRKB","PRKBLS04A2","A",2,"Purchase Knob",3940422,313346,35.5899246017199,-83.060238629008,1530,313330.5,3940446.5
"PRKBLS04A3","PRKB","PRKBLS04A3","A",3,"Purchase Knob",3940422,313346,35.5899246017199,-83.060238629008,1530,313330.5,3940437.5
"PRKBLS04A4","PRKB","PRKBLS04A4","A",4,"Purchase Knob",3940422,313346,35.5899246017199,-83.060238629008,1530,313321.5,3940437.5
"PRKBLS04B1","PRKB","PRKBLS04B1","B",1,"Purchase Knob",3940422,313346,35.5899246017199,-83.060238629008,1530,313361.5,3940446.5
"PRKBLS04B2","PRKB","PRKBLS04B2","B",2,"Purchase Knob",3940422,313346,35.5899246017199,-83.060238629008,1530,313370.5,3940446.5
"PRKBLS04B3","PRKB","PRKBLS04B3","B",3,"Purchase Knob",3940422,313346,35.5899246017199,-83.060238629008,1530,313370.5,3940437.5
"PRKBLS04B4","PRKB","PRKBLS04B4","B",4,"Purchase Knob",3940422,313346,35.5899246017199,-83.060238629008,1530,313361.5,3940437.5
"PRKBLS04C1","PRKB","PRKBLS04C1","C",1,"Purchase Knob",3940422,313346,35.5899246017199,-83.060238629008,1530,313361.5,3940406.5
"PRKBLS04C2","PRKB","PRKBLS04C2","C",2,"Purchase Knob",3940422,313346,35.5899246017199,-83.060238629008,1530,313370.5,3940406.5
"PRKBLS04C3","PRKB","PRKBLS04C3","C",3,"Purchase Knob",3940422,313346,35.5899246017199,-83.060238629008,1530,313370.5,3940397.5
"PRKBLS04C4","PRKB","PRKBLS04C4","C",4,"Purchase Knob",3940422,313346,35.5899246017199,-83.060238629008,1530,313361.5,3940397.5
"PRKBLS04D1","PRKB","PRKBLS04D1","D",1,"Purchase Knob",3940422,313346,35.5899246017199,-83.060238629008,1530,313321.5,3940406.5
"PRKBLS04D2","PRKB","PRKBLS04D2","D",2,"Purchase Knob",3940422,313346,35.5899246017199,-83.060238629008,1530,313330.5,3940406.5
"PRKBLS04D3","PRKB","PRKBLS04D3","D",3,"Purchase Knob",3940422,313346,35.5899246017199,-83.060238629008,1530,313330.5,3940397.5
"PRKBLS04D4","PRKB","PRKBLS04D4","D",4,"Purchase Knob",3940422,313346,35.5899246017199,-83.060238629008,1530,313321.5,3940397.5
"RAMYLS06A1","RAMY","RAMYLS06A1","A",1,"Ramsay Cascade",3953883,288068,35.7060919501939,-83.3425943512557,941,288043.5,3953907.5
"RAMYLS07A2","RAMY","RAMYLS07A2","A",2,"Ramsay Cascade",3953883,288068,35.7060919501939,-83.3425943512557,941,288052.5,3953907.5
"RAMYLS06A3","RAMY","RAMYLS06A3","A",3,"Ramsay Cascade",3953883,288068,35.7060919501939,-83.3425943512557,941,288052.5,3953898.5
"RAMYLS06A4","RAMY","RAMYLS06A4","A",4,"Ramsay Cascade",3953883,288068,35.7060919501939,-83.3425943512557,941,288043.5,3953898.5
"RAMYLS06B1","RAMY","RAMYLS06B1","B",1,"Ramsay Cascade",3953883,288068,35.7060919501939,-83.3425943512557,941,288083.5,3953907.5
"RAMYLS06B2","RAMY","RAMYLS06B2","B",2,"Ramsay Cascade",3953883,288068,35.7060919501939,-83.3425943512557,941,288092.5,3953907.5
"RAMYLS06B3","RAMY","RAMYLS06B3","B",3,"Ramsay Cascade",3953883,288068,35.7060919501939,-83.3425943512557,941,288092.5,3953898.5
"RAMYLS06B4","RAMY","RAMYLS06B4","B",4,"Ramsay Cascade",3953883,288068,35.7060919501939,-83.3425943512557,941,288083.5,3953898.5
"RAMYLS06C1","RAMY","RAMYLS06C1","C",1,"Ramsay Cascade",3953883,288068,35.7060919501939,-83.3425943512557,941,288083.5,3953867.5
"RAMYLS06C2","RAMY","RAMYLS06C2","C",2,"Ramsay Cascade",3953883,288068,35.7060919501939,-83.3425943512557,941,288092.5,3953867.5
"RAMYLS06C3","RAMY","RAMYLS06C3","C",3,"Ramsay Cascade",3953883,288068,35.7060919501939,-83.3425943512557,941,288092.5,3953858.5
"RAMYLS06C4","RAMY","RAMYLS06C4","C",4,"Ramsay Cascade",3953883,288068,35.7060919501939,-83.3425943512557,941,288083.5,3953858.5
"RAMYLS06D1","RAMY","RAMYLS06D1","D",1,"Ramsay Cascade",3953883,288068,35.7060919501939,-83.3425943512557,941,288043.5,3953867.5
"RAMYLS06D2","RAMY","RAMYLS06D2","D",2,"Ramsay Cascade",3953883,288068,35.7060919501939,-83.3425943512557,941,288052.5,3953867.5
"RAMYLS06D3","RAMY","RAMYLS06D3","D",3,"Ramsay Cascade",3953883,288068,35.7060919501939,-83.3425943512557,941,288052.5,3953858.5
"RAMYLS06D4","RAMY","RAMYLS06D4","D",4,"Ramsay Cascade",3953883,288068,35.7060919501939,-83.3425943512557,941,288043.5,3953858.5
"RMCDLS04A1","RMCD","RMCDLS04A1","A",1,"Ramsey Cascades Tr.",3953490,288399,35.7026227858309,-83.3388349007799,770,288374.5,3953514.5
"RMCDLS04A2","RMCD","RMCDLS04A2","A",2,"Ramsey Cascades Tr.",3953490,288399,35.7026227858309,-83.3388349007799,770,288383.5,3953514.5
"RMCDLS04A3","RMCD","RMCDLS04A3","A",3,"Ramsey Cascades Tr.",3953490,288399,35.7026227858309,-83.3388349007799,770,288383.5,3953505.5
"RMCDLS04A4","RMCD","RMCDLS04A4","A",4,"Ramsey Cascades Tr.",3953490,288399,35.7026227858309,-83.3388349007799,770,288374.5,3953505.5
"RMCDLS04B1","RMCD","RMCDLS04B1","B",1,"Ramsey Cascades Tr.",3953490,288399,35.7026227858309,-83.3388349007799,770,288414.5,3953514.5
"RMCDLS04B2","RMCD","RMCDLS04B2","B",2,"Ramsey Cascades Tr.",3953490,288399,35.7026227858309,-83.3388349007799,770,288423.5,3953514.5
"RMCDLS04B3","RMCD","RMCDLS04B3","B",3,"Ramsey Cascades Tr.",3953490,288399,35.7026227858309,-83.3388349007799,770,288423.5,3953505.5
"RMCDLS04B4","RMCD","RMCDLS04B4","B",4,"Ramsey Cascades Tr.",3953490,288399,35.7026227858309,-83.3388349007799,770,288414.5,3953505.5
"RMCDLS04C1","RMCD","RMCDLS04C1","C",1,"Ramsey Cascades Tr.",3953490,288399,35.7026227858309,-83.3388349007799,770,288414.5,3953474.5
"RMCDLS04C2","RMCD","RMCDLS04C2","C",2,"Ramsey Cascades Tr.",3953490,288399,35.7026227858309,-83.3388349007799,770,288423.5,3953474.5
"RMCDLS04C3","RMCD","RMCDLS04C3","C",3,"Ramsey Cascades Tr.",3953490,288399,35.7026227858309,-83.3388349007799,770,288423.5,3953465.5
"RMCDLS04C4","RMCD","RMCDLS04C4","C",4,"Ramsey Cascades Tr.",3953490,288399,35.7026227858309,-83.3388349007799,770,288414.5,3953465.5
"RMCDLS04D1","RMCD","RMCDLS04D1","D",1,"Ramsey Cascades Tr.",3953490,288399,35.7026227858309,-83.3388349007799,770,288374.5,3953474.5
"RMCDLS04D2","RMCD","RMCDLS04D2","D",2,"Ramsey Cascades Tr.",3953490,288399,35.7026227858309,-83.3388349007799,770,288383.5,3953474.5
"RMCDLS04D3","RMCD","RMCDLS04D3","D",3,"Ramsey Cascades Tr.",3953490,288399,35.7026227858309,-83.3388349007799,770,288383.5,3953465.5
"RMCDLS04D4","RMCD","RMCDLS04D4","D",4,"Ramsey Cascades Tr.",3953490,288399,35.7026227858309,-83.3388349007799,770,288374.5,3953465.5
"ROFRLS06A1","ROFR","ROFRLS06A1","A",1,"Roaring Fork",3951369,276813,35.6809545316714,-83.4662033466358,900,276788.5,3951393.5
"ROFRLS06A2","ROFR","ROFRLS06A2","A",2,"Roaring Fork",3951369,276813,35.6809545316714,-83.4662033466358,900,276797.5,3951393.5
"ROFRLS06A3","ROFR","ROFRLS06A3","A",3,"Roaring Fork",3951369,276813,35.6809545316714,-83.4662033466358,900,276797.5,3951384.5
"ROFRLS06A4","ROFR","ROFRLS06A4","A",4,"Roaring Fork",3951369,276813,35.6809545316714,-83.4662033466358,900,276788.5,3951384.5
"ROFRLS06B1","ROFR","ROFRLS06B1","B",1,"Roaring Fork",3951369,276813,35.6809545316714,-83.4662033466358,900,276828.5,3951393.5
"ROFRLS06B2","ROFR","ROFRLS06B2","B",2,"Roaring Fork",3951369,276813,35.6809545316714,-83.4662033466358,900,276837.5,3951393.5
"ROFRLS06B3","ROFR","ROFRLS06B3","B",3,"Roaring Fork",3951369,276813,35.6809545316714,-83.4662033466358,900,276837.5,3951384.5
"ROFRLS06B4","ROFR","ROFRLS06B4","B",4,"Roaring Fork",3951369,276813,35.6809545316714,-83.4662033466358,900,276828.5,3951384.5
"ROFRLS06C1","ROFR","ROFRLS06C1","C",1,"Roaring Fork",3951369,276813,35.6809545316714,-83.4662033466358,900,276828.5,3951353.5
"ROFRLS06C2","ROFR","ROFRLS06C2","C",2,"Roaring Fork",3951369,276813,35.6809545316714,-83.4662033466358,900,276837.5,3951353.5
"ROFRLS06C3","ROFR","ROFRLS06C3","C",3,"Roaring Fork",3951369,276813,35.6809545316714,-83.4662033466358,900,276837.5,3951344.5
"ROFRLS06C4","ROFR","ROFRLS06C4","C",4,"Roaring Fork",3951369,276813,35.6809545316714,-83.4662033466358,900,276828.5,3951344.5
"ROFRLS06D1","ROFR","ROFRLS06D1","D",1,"Roaring Fork",3951369,276813,35.6809545316714,-83.4662033466358,900,276788.5,3951353.5
"ROFRLS06D2","ROFR","ROFRLS06D2","D",2,"Roaring Fork",3951369,276813,35.6809545316714,-83.4662033466358,900,276797.5,3951353.5
"ROFRLS06D3","ROFR","ROFRLS06D3","D",3,"Roaring Fork",3951369,276813,35.6809545316714,-83.4662033466358,900,276797.5,3951344.5
"ROFRLS06D4","ROFR","ROFRLS06D4","D",4,"Roaring Fork",3951369,276813,35.6809545316714,-83.4662033466358,900,276788.5,3951344.5
"SNRGLS04A1","SNRG","SNRGLS04A1","A",1,"Snake Den Ridge",3957445,299228,35.7405267062379,-83.2202129905468,988,299203.5,3957469.5
"SNRGLS04A2","SNRG","SNRGLS04A2","A",2,"Snake Den Ridge",3957445,299228,35.7405267062379,-83.2202129905468,988,299212.5,3957469.5
"SNRGLS04A3","SNRG","SNRGLS04A3","A",3,"Snake Den Ridge",3957445,299228,35.7405267062379,-83.2202129905468,988,299212.5,3957460.5
"SNRGLS04A4","SNRG","SNRGLS04A4","A",4,"Snake Den Ridge",3957445,299228,35.7405267062379,-83.2202129905468,988,299203.5,3957460.5
"SNRGLS04B1","SNRG","SNRGLS04B1","B",1,"Snake Den Ridge",3957445,299228,35.7405267062379,-83.2202129905468,988,299243.5,3957469.5
"SNRGLS04B2","SNRG","SNRGLS04B2","B",2,"Snake Den Ridge",3957445,299228,35.7405267062379,-83.2202129905468,988,299252.5,3957469.5
"SNRGLS04B3","SNRG","SNRGLS04B3","B",3,"Snake Den Ridge",3957445,299228,35.7405267062379,-83.2202129905468,988,299252.5,3957460.5
"SNRGLS04B4","SNRG","SNRGLS04B4","B",4,"Snake Den Ridge",3957445,299228,35.7405267062379,-83.2202129905468,988,299243.5,3957460.5
"SNRGLS04C1","SNRG","SNRGLS04C1","C",1,"Snake Den Ridge",3957445,299228,35.7405267062379,-83.2202129905468,988,299243.5,3957429.5
"SNRGLS04C2","SNRG","SNRGLS04C2","C",2,"Snake Den Ridge",3957445,299228,35.7405267062379,-83.2202129905468,988,299252.5,3957429.5
"SNRGLS04C3","SNRG","SNRGLS04C3","C",3,"Snake Den Ridge",3957445,299228,35.7405267062379,-83.2202129905468,988,299252.5,3957420.5
"SNRGLS04C4","SNRG","SNRGLS04C4","C",4,"Snake Den Ridge",3957445,299228,35.7405267062379,-83.2202129905468,988,299243.5,3957420.5
"SNRGLS04D1","SNRG","SNRGLS04D1","D",1,"Snake Den Ridge",3957445,299228,35.7405267062379,-83.2202129905468,988,299203.5,3957429.5
"SNRGLS04D2","SNRG","SNRGLS04D2","D",2,"Snake Den Ridge",3957445,299228,35.7405267062379,-83.2202129905468,988,299212.5,3957429.5
"SNRGLS04D3","SNRG","SNRGLS04D3","D",3,"Snake Den Ridge",3957445,299228,35.7405267062379,-83.2202129905468,988,299212.5,3957420.5
"SNRGLS04D4","SNRG","SNRGLS04D4","D",4,"Snake Den Ridge",3957445,299228,35.7405267062379,-83.2202129905468,988,299203.5,3957420.5
"STGALS05A1","STGA","STGALS05A1","A",1,"Sterling Gap",3952511,309575,35.6981311460167,-83.104693052965,1231,309550.5,3952535.5
"STGALS05A2","STGA","STGALS05A2","A",2,"Sterling Gap",3952511,309575,35.6981311460167,-83.104693052965,1231,309559.5,3952535.5
"STGALS05A3","STGA","STGALS05A3","A",3,"Sterling Gap",3952511,309575,35.6981311460167,-83.104693052965,1231,309559.5,3952526.5
"STGALS05A4","STGA","STGALS05A4","A",4,"Sterling Gap",3952511,309575,35.6981311460167,-83.104693052965,1231,309550.5,3952526.5
"STGALS05B1","STGA","STGALS05B1","B",1,"Sterling Gap",3952511,309575,35.6981311460167,-83.104693052965,1231,309590.5,3952535.5
"STGALS05B2","STGA","STGALS05B2","B",2,"Sterling Gap",3952511,309575,35.6981311460167,-83.104693052965,1231,309599.5,3952535.5
"STGALS05B3","STGA","STGALS05B3","B",3,"Sterling Gap",3952511,309575,35.6981311460167,-83.104693052965,1231,309599.5,3952526.5
"STGALS05B4","STGA","STGALS05B4","B",4,"Sterling Gap",3952511,309575,35.6981311460167,-83.104693052965,1231,309590.5,3952526.5
"STGALS05C1","STGA","STGALS05C1","C",1,"Sterling Gap",3952511,309575,35.6981311460167,-83.104693052965,1231,309590.5,3952495.5
"STGALS05C2","STGA","STGALS05C2","C",2,"Sterling Gap",3952511,309575,35.6981311460167,-83.104693052965,1231,309599.5,3952495.5
"STGALS05C3","STGA","STGALS05C3","C",3,"Sterling Gap",3952511,309575,35.6981311460167,-83.104693052965,1231,309599.5,3952486.5
"STGALS05C4","STGA","STGALS05C4","C",4,"Sterling Gap",3952511,309575,35.6981311460167,-83.104693052965,1231,309590.5,3952486.5
"STGALS05D1","STGA","STGALS05D1","D",1,"Sterling Gap",3952511,309575,35.6981311460167,-83.104693052965,1231,309550.5,3952495.5
"STGALS05D2","STGA","STGALS05D2","D",2,"Sterling Gap",3952511,309575,35.6981311460167,-83.104693052965,1231,309559.5,3952495.5
"STGALS05D3","STGA","STGALS05D3","D",3,"Sterling Gap",3952511,309575,35.6981311460167,-83.104693052965,1231,309559.5,3952486.5
"STGALS05D4","STGA","STGALS05D4","D",4,"Sterling Gap",3952511,309575,35.6981311460167,-83.104693052965,1231,309550.5,3952486.5
"THDILS06A1","THDI","THDILS06A1","A",1,"Thomas Divide",3940048,282894,35.5803294709776,-83.3960150575354,1300,282869.5,3940072.5
"THDILS06A2","THDI","THDILS06A2","A",2,"Thomas Divide",3940048,282894,35.5803294709776,-83.3960150575354,1300,282878.5,3940072.5
"THDILS06A3","THDI","THDILS06A3","A",3,"Thomas Divide",3940048,282894,35.5803294709776,-83.3960150575354,1300,282878.5,3940063.5
"THDILS06A4","THDI","THDILS06A4","A",4,"Thomas Divide",3940048,282894,35.5803294709776,-83.3960150575354,1300,282869.5,3940063.5
"THDILS06B1","THDI","THDILS06B1","B",1,"Thomas Divide",3940048,282894,35.5803294709776,-83.3960150575354,1300,282909.5,3940072.5
"THDILS06B2","THDI","THDILS06B2","B",2,"Thomas Divide",3940048,282894,35.5803294709776,-83.3960150575354,1300,282918.5,3940072.5
"THDILS06B3","THDI","THDILS06B3","B",3,"Thomas Divide",3940048,282894,35.5803294709776,-83.3960150575354,1300,282918.5,3940063.5
"THDILS06B4","THDI","THDILS06B4","B",4,"Thomas Divide",3940048,282894,35.5803294709776,-83.3960150575354,1300,282909.5,3940063.5
"THDILS06C1","THDI","THDILS06C1","C",1,"Thomas Divide",3940048,282894,35.5803294709776,-83.3960150575354,1300,282909.5,3940032.5
"THDILS06C2","THDI","THDILS06C2","C",2,"Thomas Divide",3940048,282894,35.5803294709776,-83.3960150575354,1300,282918.5,3940032.5
"THDILS06C3","THDI","THDILS06C3","C",3,"Thomas Divide",3940048,282894,35.5803294709776,-83.3960150575354,1300,282918.5,3940023.5
"THDILS06C4","THDI","THDILS06C4","C",4,"Thomas Divide",3940048,282894,35.5803294709776,-83.3960150575354,1300,282909.5,3940023.5
"THDILS06D1","THDI","THDILS06D1","D",1,"Thomas Divide",3940048,282894,35.5803294709776,-83.3960150575354,1300,282869.5,3940032.5
"THDILS06D2","THDI","THDILS06D2","D",2,"Thomas Divide",3940048,282894,35.5803294709776,-83.3960150575354,1300,282878.5,3940032.5
"THDILS06D3","THDI","THDILS06D3","D",3,"Thomas Divide",3940048,282894,35.5803294709776,-83.3960150575354,1300,282878.5,3940023.5
"THDILS06D4","THDI","THDILS06D4","D",4,"Thomas Divide",3940048,282894,35.5803294709776,-83.3960150575354,1300,282869.5,3940023.5
"TLGPLS04A1","TLGP","TLGPLS04A1","A",1,"Trillium Gap",3950378,279670,35.6726714477826,-83.4343880504183,1419,279645.5,3950402.5
"TLGPLS04A2","TLGP","TLGPLS04A2","A",2,"Trillium Gap",3950378,279670,35.6726714477826,-83.4343880504183,1419,279654.5,3950402.5
"TLGPLS04A3","TLGP","TLGPLS04A3","A",3,"Trillium Gap",3950378,279670,35.6726714477826,-83.4343880504183,1419,279654.5,3950393.5
"TLGPLS04A4","TLGP","TLGPLS04A4","A",4,"Trillium Gap",3950378,279670,35.6726714477826,-83.4343880504183,1419,279645.5,3950393.5
"TLGPLS04B1","TLGP","TLGPLS04B1","B",1,"Trillium Gap",3950378,279670,35.6726714477826,-83.4343880504183,1419,279685.5,3950402.5
"TLGPLS04B2","TLGP","TLGPLS04B2","B",2,"Trillium Gap",3950378,279670,35.6726714477826,-83.4343880504183,1419,279694.5,3950402.5
"TLGPLS04B3","TLGP","TLGPLS04B3","B",3,"Trillium Gap",3950378,279670,35.6726714477826,-83.4343880504183,1419,279694.5,3950393.5
"TLGPLS04B4","TLGP","TLGPLS04B4","B",4,"Trillium Gap",3950378,279670,35.6726714477826,-83.4343880504183,1419,279685.5,3950393.5
"TLGPLS04C1","TLGP","TLGPLS04C1","C",1,"Trillium Gap",3950378,279670,35.6726714477826,-83.4343880504183,1419,279685.5,3950362.5
"TLGPLS04C2","TLGP","TLGPLS04C2","C",2,"Trillium Gap",3950378,279670,35.6726714477826,-83.4343880504183,1419,279694.5,3950362.5
"TLGPLS04C3","TLGP","TLGPLS04C3","C",3,"Trillium Gap",3950378,279670,35.6726714477826,-83.4343880504183,1419,279694.5,3950353.5
"TLGPLS04C4","TLGP","TLGPLS04C4","C",4,"Trillium Gap",3950378,279670,35.6726714477826,-83.4343880504183,1419,279685.5,3950353.5
"TLGPLS04D1","TLGP","TLGPLS04D1","D",1,"Trillium Gap",3950378,279670,35.6726714477826,-83.4343880504183,1419,279645.5,3950362.5
"TLGPLS04D2","TLGP","TLGPLS04D2","D",2,"Trillium Gap",3950378,279670,35.6726714477826,-83.4343880504183,1419,279654.5,3950362.5
"TLGPLS04D3","TLGP","TLGPLS04D3","D",3,"Trillium Gap",3950378,279670,35.6726714477826,-83.4343880504183,1419,279654.5,3950353.5
"TLGPLS04D4","TLGP","TLGPLS04D4","D",4,"Trillium Gap",3950378,279670,35.6726714477826,-83.4343880504183,1419,279645.5,3950353.5
"TRMTLS04A1","TRMT","TRMTLS04A1","A",1,"Tremont",3947318,255900,35.6395013833919,-83.6958439670553,462,255875.5,3947342.5
"TRMTLS04A2","TRMT","TRMTLS04A2","A",2,"Tremont",3947318,255900,35.6395013833919,-83.6958439670553,462,255884.5,3947342.5
"TRMTLS04A3","TRMT","TRMTLS04A3","A",3,"Tremont",3947318,255900,35.6395013833919,-83.6958439670553,462,255884.5,3947333.5
"TRMTLS04A4","TRMT","TRMTLS04A4","A",4,"Tremont",3947318,255900,35.6395013833919,-83.6958439670553,462,255875.5,3947333.5
"TRMTLS04B1","TRMT","TRMTLS04B1","B",1,"Tremont",3947318,255900,35.6395013833919,-83.6958439670553,462,255915.5,3947342.5
"TRMTLS04B4","TRMT","TRMTLS04B4","B",2,"Tremont",3947318,255900,35.6395013833919,-83.6958439670553,462,255924.5,3947342.5
"TRMTLS04B2","TRMT","TRMTLS04B2","B",3,"Tremont",3947318,255900,35.6395013833919,-83.6958439670553,462,255924.5,3947333.5
"TRMTLS04B3","TRMT","TRMTLS04B3","B",4,"Tremont",3947318,255900,35.6395013833919,-83.6958439670553,462,255915.5,3947333.5
"TRMTLS04C1","TRMT","TRMTLS04C1","C",1,"Tremont",3947318,255900,35.6395013833919,-83.6958439670553,462,255915.5,3947302.5
"TRMTLS04C2","TRMT","TRMTLS04C2","C",2,"Tremont",3947318,255900,35.6395013833919,-83.6958439670553,462,255924.5,3947302.5
"TRMTLS04C3","TRMT","TRMTLS04C3","C",3,"Tremont",3947318,255900,35.6395013833919,-83.6958439670553,462,255924.5,3947293.5
"TRMTLS04C4","TRMT","TRMTLS04C4","C",4,"Tremont",3947318,255900,35.6395013833919,-83.6958439670553,462,255915.5,3947293.5
"TRMTLS04D1","TRMT","TRMTLS04D1","D",1,"Tremont",3947318,255900,35.6395013833919,-83.6958439670553,462,255875.5,3947302.5
"TRMTLS04D2","TRMT","TRMTLS04D2","D",2,"Tremont",3947318,255900,35.6395013833919,-83.6958439670553,462,255884.5,3947302.5
"TRMTLS04D3","TRMT","TRMTLS04D3","D",3,"Tremont",3947318,255900,35.6395013833919,-83.6958439670553,462,255884.5,3947293.5
"TRMTLS04D4","TRMT","TRMTLS04D4","D",4,"Tremont",3947318,255900,35.6395013833919,-83.6958439670553,462,255875.5,3947293.5
"TRPALS06A1","TRPA","TRPALS06A1","A",1,"Trillium Patch",3942668,278092,35.6028636056296,-83.4496871752129,1658,278067.5,3942692.5
"TRPALS06A2","TRPA","TRPALS06A2","A",2,"Trillium Patch",3942668,278092,35.6028636056296,-83.4496871752129,1658,278076.5,3942692.5
"TRPALS06A3","TRPA","TRPALS06A3","A",3,"Trillium Patch",3942668,278092,35.6028636056296,-83.4496871752129,1658,278076.5,3942683.5
"TRPALS06A4","TRPA","TRPALS06A4","A",4,"Trillium Patch",3942668,278092,35.6028636056296,-83.4496871752129,1658,278067.5,3942683.5
"TRPALS06B1","TRPA","TRPALS06B1","B",1,"Trillium Patch",3942668,278092,35.6028636056296,-83.4496871752129,1658,278107.5,3942692.5
"TRPALS06B2","TRPA","TRPALS06B2","B",2,"Trillium Patch",3942668,278092,35.6028636056296,-83.4496871752129,1658,278116.5,3942692.5
"TRPALS06B3","TRPA","TRPALS06B3","B",3,"Trillium Patch",3942668,278092,35.6028636056296,-83.4496871752129,1658,278116.5,3942683.5
"TRPALS06B4","TRPA","TRPALS06B4","B",4,"Trillium Patch",3942668,278092,35.6028636056296,-83.4496871752129,1658,278107.5,3942683.5
"TRPALS06C1","TRPA","TRPALS06C1","C",1,"Trillium Patch",3942668,278092,35.6028636056296,-83.4496871752129,1658,278107.5,3942652.5
"TRPALS06C2","TRPA","TRPALS06C2","C",2,"Trillium Patch",3942668,278092,35.6028636056296,-83.4496871752129,1658,278116.5,3942652.5
"TRPALS06C3","TRPA","TRPALS06C3","C",3,"Trillium Patch",3942668,278092,35.6028636056296,-83.4496871752129,1658,278116.5,3942643.5
"TRPALS06C4","TRPA","TRPALS06C4","C",4,"Trillium Patch",3942668,278092,35.6028636056296,-83.4496871752129,1658,278107.5,3942643.5
"TRPALS06D1","TRPA","TRPALS06D1","D",1,"Trillium Patch",3942668,278092,35.6028636056296,-83.4496871752129,1658,278067.5,3942652.5
"TRPALS06D2","TRPA","TRPALS06D2","D",2,"Trillium Patch",3942668,278092,35.6028636056296,-83.4496871752129,1658,278076.5,3942652.5
"TRPALS06D3","TRPA","TRPALS06D3","D",3,"Trillium Patch",3942668,278092,35.6028636056296,-83.4496871752129,1658,278076.5,3942643.5
"TRPALS06D4","TRPA","TRPALS06D4","D",4,"Trillium Patch",3942668,278092,35.6028636056296,-83.4496871752129,1658,278067.5,3942643.5
"TRRILS06A1","TRRI","TRRILS06A1","A",1,"Tremont River",3948323,255921,35.6485580697383,-83.6959165367474,388,255896.5,3948347.5
"TRRILS06A2","TRRI","TRRILS06A2","A",2,"Tremont River",3948323,255921,35.6485580697383,-83.6959165367474,388,255905.5,3948347.5
"TRRILS06A3","TRRI","TRRILS06A3","A",3,"Tremont River",3948323,255921,35.6485580697383,-83.6959165367474,388,255905.5,3948338.5
"TRRILS06A4","TRRI","TRRILS06A4","A",4,"Tremont River",3948323,255921,35.6485580697383,-83.6959165367474,388,255896.5,3948338.5
"TRRILS06B1","TRRI","TRRILS06B1","B",1,"Tremont River",3948323,255921,35.6485580697383,-83.6959165367474,388,255936.5,3948347.5
"TRRILS06B2","TRRI","TRRILS06B2","B",2,"Tremont River",3948323,255921,35.6485580697383,-83.6959165367474,388,255945.5,3948347.5
"TRRILS06B3","TRRI","TRRILS06B3","B",3,"Tremont River",3948323,255921,35.6485580697383,-83.6959165367474,388,255945.5,3948338.5
"TRRILS06B4","TRRI","TRRILS06B4","B",4,"Tremont River",3948323,255921,35.6485580697383,-83.6959165367474,388,255936.5,3948338.5
"TRRILS06C1","TRRI","TRRILS06C1","C",1,"Tremont River",3948323,255921,35.6485580697383,-83.6959165367474,388,255936.5,3948307.5
"TRRILS06C2","TRRI","TRRILS06C2","C",2,"Tremont River",3948323,255921,35.6485580697383,-83.6959165367474,388,255945.5,3948307.5
"TRRILS06C3","TRRI","TRRILS06C3","C",3,"Tremont River",3948323,255921,35.6485580697383,-83.6959165367474,388,255945.5,3948298.5
"TRRILS06C4","TRRI","TRRILS06C4","C",4,"Tremont River",3948323,255921,35.6485580697383,-83.6959165367474,388,255936.5,3948298.5
"TRRILS06D1","TRRI","TRRILS06D1","D",1,"Tremont River",3948323,255921,35.6485580697383,-83.6959165367474,388,255896.5,3948307.5
"TRRILS06D2","TRRI","TRRILS06D2","D",2,"Tremont River",3948323,255921,35.6485580697383,-83.6959165367474,388,255905.5,3948307.5
"TRRILS06D3","TRRI","TRRILS06D3","D",3,"Tremont River",3948323,255921,35.6485580697383,-83.6959165367474,388,255905.5,3948298.5
"TRRILS06D4","TRRI","TRRILS06D4","D",4,"Tremont River",3948323,255921,35.6485580697383,-83.6959165367474,388,255896.5,3948298.5
"TWCRLS05A1","TWCR","TWCRLS05A1","A",1,"Twin Creeks",3951806,273821,35.6842074931241,-83.4993596335041,719,273796.5,3951830.5
"TWCRLS05A2","TWCR","TWCRLS05A2","A",2,"Twin Creeks",3951806,273821,35.6842074931241,-83.4993596335041,719,273805.5,3951830.5
"TWCRLS05A3","TWCR","TWCRLS05A3","A",3,"Twin Creeks",3951806,273821,35.6842074931241,-83.4993596335041,719,273805.5,3951821.5
"TWCRLS05A4","TWCR","TWCRLS05A4","A",4,"Twin Creeks",3951806,273821,35.6842074931241,-83.4993596335041,719,273796.5,3951821.5
"TWCRLS05B1","TWCR","TWCRLS05B1","B",1,"Twin Creeks",3951806,273821,35.6842074931241,-83.4993596335041,719,273836.5,3951830.5
"TWCRLS05B2","TWCR","TWCRLS05B2","B",2,"Twin Creeks",3951806,273821,35.6842074931241,-83.4993596335041,719,273845.5,3951830.5
"TWCRLS05B3","TWCR","TWCRLS05B3","B",3,"Twin Creeks",3951806,273821,35.6842074931241,-83.4993596335041,719,273845.5,3951821.5
"TWCRLS05B4","TWCR","TWCRLS05B4","B",4,"Twin Creeks",3951806,273821,35.6842074931241,-83.4993596335041,719,273836.5,3951821.5
"TWCRLS05C1","TWCR","TWCRLS05C1","C",1,"Twin Creeks",3951806,273821,35.6842074931241,-83.4993596335041,719,273836.5,3951790.5
"TWCRLS05C2","TWCR","TWCRLS05C2","C",2,"Twin Creeks",3951806,273821,35.6842074931241,-83.4993596335041,719,273845.5,3951790.5
"TWCRLS05C3","TWCR","TWCRLS05C3","C",3,"Twin Creeks",3951806,273821,35.6842074931241,-83.4993596335041,719,273845.5,3951781.5
"TWCRLS05C4","TWCR","TWCRLS05C4","C",4,"Twin Creeks",3951806,273821,35.6842074931241,-83.4993596335041,719,273836.5,3951781.5
"TWCRLS05D1","TWCR","TWCRLS05D1","D",1,"Twin Creeks",3951806,273821,35.6842074931241,-83.4993596335041,719,273796.5,3951790.5
"TWCRLS05D2","TWCR","TWCRLS05D2","D",2,"Twin Creeks",3951806,273821,35.6842074931241,-83.4993596335041,719,273805.5,3951790.5
"TWCRLS05D3","TWCR","TWCRLS05D3","D",3,"Twin Creeks",3951806,273821,35.6842074931241,-83.4993596335041,719,273805.5,3951781.5
"TWCRLS05D4","TWCR","TWCRLS05D4","D",4,"Twin Creeks",3951806,273821,35.6842074931241,-83.4993596335041,719,273796.5,3951781.5
"TWMILS05A1","TWMI","TWMILS05A1","A",1,"Twenty Mile",3928921,239384,35.4695994580187,-83.8721275774795,440,239359.5,3928945.5
"TWMILS05A2","TWMI","TWMILS05A2","A",2,"Twenty Mile",3928921,239384,35.4695994580187,-83.8721275774795,440,239368.5,3928945.5
"TWMILS05A3","TWMI","TWMILS05A3","A",3,"Twenty Mile",3928921,239384,35.4695994580187,-83.8721275774795,440,239368.5,3928936.5
"TWMILS05A4","TWMI","TWMILS05A4","A",4,"Twenty Mile",3928921,239384,35.4695994580187,-83.8721275774795,440,239359.5,3928936.5
"TWMILS05B1","TWMI","TWMILS05B1","B",1,"Twenty Mile",3928921,239384,35.4695994580187,-83.8721275774795,440,239399.5,3928945.5
"TWMILS05B2","TWMI","TWMILS05B2","B",2,"Twenty Mile",3928921,239384,35.4695994580187,-83.8721275774795,440,239408.5,3928945.5
"TWMILS05B3","TWMI","TWMILS05B3","B",3,"Twenty Mile",3928921,239384,35.4695994580187,-83.8721275774795,440,239408.5,3928936.5
"TWMILS05B4","TWMI","TWMILS05B4","B",4,"Twenty Mile",3928921,239384,35.4695994580187,-83.8721275774795,440,239399.5,3928936.5
"TWMILS05C1","TWMI","TWMILS05C1","C",1,"Twenty Mile",3928921,239384,35.4695994580187,-83.8721275774795,440,239399.5,3928905.5
"TWMILS05C2","TWMI","TWMILS05C2","C",2,"Twenty Mile",3928921,239384,35.4695994580187,-83.8721275774795,440,239408.5,3928905.5
"TWMILS05C3","TWMI","TWMILS05C3","C",3,"Twenty Mile",3928921,239384,35.4695994580187,-83.8721275774795,440,239408.5,3928896.5
"TWMILS05C4","TWMI","TWMILS05C4","C",4,"Twenty Mile",3928921,239384,35.4695994580187,-83.8721275774795,440,239399.5,3928896.5
"TWMILS05D1","TWMI","TWMILS05D1","D",1,"Twenty Mile",3928921,239384,35.4695994580187,-83.8721275774795,440,239359.5,3928905.5
"TWMILS05D2","TWMI","TWMILS05D2","D",2,"Twenty Mile",3928921,239384,35.4695994580187,-83.8721275774795,440,239368.5,3928905.5
"TWMILS05D3","TWMI","TWMILS05D3","D",3,"Twenty Mile",3928921,239384,35.4695994580187,-83.8721275774795,440,239368.5,3928896.5
"TWMILS05D4","TWMI","TWMILS05D4","D",4,"Twenty Mile",3928921,239384,35.4695994580187,-83.8721275774795,440,239359.5,3928896.5
